Using pre-set license
Built from '2022.3/staging' branch; Version is '2022.3.62f1 (4af31df58517) revision 4911901'; Using compiler version '192829333'; Build Type 'Release'
OS: 'Windows 10  (10.0.19045) 64bit Professional' Language: 'en' Physical Memory: 8096 MB
BatchMode: 1, IsHumanControllingUs: 0, StartBugReporterOnCrash: 0, Is64bit: 1, IsPro: 1

COMMAND LINE ARGUMENTS:
C:\Program Files\Unity\Hub\Editor\2022.3.62f1\Editor\Unity.exe
-adb2
-batchMode
-noUpm
-name
AssetImportWorker0
-projectPath
C:/Users/mikek/Downloads/Fish Simulator
-logFile
Logs/AssetImportWorker0.log
-srvPort
52432
Successfully changed project path to: C:/Users/mikek/Downloads/Fish Simulator
C:/Users/mikek/Downloads/Fish Simulator
[UnityMemory] Configuration Parameters - Can be set up in boot.config
    "memorysetup-bucket-allocator-granularity=16"
    "memorysetup-bucket-allocator-bucket-count=8"
    "memorysetup-bucket-allocator-block-size=33554432"
    "memorysetup-bucket-allocator-block-count=8"
    "memorysetup-main-allocator-block-size=16777216"
    "memorysetup-thread-allocator-block-size=16777216"
    "memorysetup-gfx-main-allocator-block-size=16777216"
    "memorysetup-gfx-thread-allocator-block-size=16777216"
    "memorysetup-cache-allocator-block-size=4194304"
    "memorysetup-typetree-allocator-block-size=2097152"
    "memorysetup-profiler-bucket-allocator-granularity=16"
    "memorysetup-profiler-bucket-allocator-bucket-count=8"
    "memorysetup-profiler-bucket-allocator-block-size=33554432"
    "memorysetup-profiler-bucket-allocator-block-count=8"
    "memorysetup-profiler-allocator-block-size=16777216"
    "memorysetup-profiler-editor-allocator-block-size=1048576"
    "memorysetup-temp-allocator-size-main=16777216"
    "memorysetup-job-temp-allocator-block-size=2097152"
    "memorysetup-job-temp-allocator-block-size-background=1048576"
    "memorysetup-job-temp-allocator-reduction-small-platforms=262144"
    "memorysetup-allocator-temp-initial-block-size-main=262144"
    "memorysetup-allocator-temp-initial-block-size-worker=262144"
    "memorysetup-temp-allocator-size-background-worker=32768"
    "memorysetup-temp-allocator-size-job-worker=262144"
    "memorysetup-temp-allocator-size-preload-manager=33554432"
    "memorysetup-temp-allocator-size-nav-mesh-worker=65536"
    "memorysetup-temp-allocator-size-audio-worker=65536"
    "memorysetup-temp-allocator-size-cloud-worker=32768"
    "memorysetup-temp-allocator-size-gi-baking-worker=262144"
    "memorysetup-temp-allocator-size-gfx=262144"
Player connection [6948]  Target information:

Player connection [6948]  * "[IP] 192.168.1.107 [Port] 0 [Flags] 2 [Guid] 4286520723 [EditorId] 4286520723 [Version] 1048832 [Id] WindowsEditor(7,DESKTOP-18M8OS4) [Debug] 1 [PackageName] WindowsEditor [ProjectName] Editor" 

Player connection [6948]  * "[IP] 10.2.0.2 [Port] 0 [Flags] 2 [Guid] 4286520723 [EditorId] 4286520723 [Version] 1048832 [Id] WindowsEditor(7,DESKTOP-18M8OS4) [Debug] 1 [PackageName] WindowsEditor [ProjectName] Editor" 

Player connection [6948] Host joined multi-casting on [225.0.0.222:54997]...
Player connection [6948] Host joined alternative multi-casting on [225.0.0.222:34997]...
Input System module state changed to: Initialized.
[PhysX] Initialized MultithreadedTaskDispatcher with 4 workers.
Refreshing native plugins compatible for Editor in 48.90 ms, found 3 plugins.
Preloading 0 native plugins for Editor in 0.00 ms.
Initialize engine version: 2022.3.62f1 (4af31df58517)
[Subsystems] Discovering subsystems at path C:/Program Files/Unity/Hub/Editor/2022.3.62f1/Editor/Data/Resources/UnitySubsystems
[Subsystems] Discovering subsystems at path C:/Users/mikek/Downloads/Fish Simulator/Assets
GfxDevice: creating device client; threaded=0; jobified=0
Direct3D:
    Version:  Direct3D 11.0 [level 11.1]
    Renderer: Intel(R) HD Graphics Family (ID=0xa16)
    Vendor:   Intel
    VRAM:     2048 MB
    Driver:   20.19.15.4835
Initialize mono
Mono path[0] = 'C:/Program Files/Unity/Hub/Editor/2022.3.62f1/Editor/Data/Managed'
Mono path[1] = 'C:/Program Files/Unity/Hub/Editor/2022.3.62f1/Editor/Data/MonoBleedingEdge/lib/mono/unityjit-win32'
Mono config path = 'C:/Program Files/Unity/Hub/Editor/2022.3.62f1/Editor/Data/MonoBleedingEdge/etc'
Using monoOptions --debugger-agent=transport=dt_socket,embedding=1,server=y,suspend=n,address=127.0.0.1:56612
Begin MonoManager ReloadAssembly
Registering precompiled unity dll's ...
Register platform support module: C:/Program Files/Unity/Hub/Editor/2022.3.62f1/Editor/Data/PlaybackEngines/WebGLSupport/UnityEditor.WebGL.Extensions.dll
Register platform support module: C:/Program Files/Unity/Hub/Editor/2022.3.62f1/Editor/Data/PlaybackEngines/WindowsStandaloneSupport/UnityEditor.WindowsStandalone.Extensions.dll
Registered in 0.055355 seconds.
- Loaded All Assemblies, in  1.421 seconds
Native extension for WindowsStandalone target not found
Native extension for WebGL target not found
Mono: successfully reloaded assembly
- Finished resetting the current domain, in  0.663 seconds
Domain Reload Profiling: 2069ms
	BeginReloadAssembly (492ms)
		ExecutionOrderSort (0ms)
		DisableScriptedObjects (0ms)
		BackupInstance (0ms)
		ReleaseScriptingObjects (0ms)
		CreateAndSetChildDomain (1ms)
	RebuildCommonClasses (88ms)
	RebuildNativeTypeToScriptingClass (37ms)
	initialDomainReloadingComplete (244ms)
	LoadAllAssembliesAndSetupDomain (544ms)
		LoadAssemblies (483ms)
		RebuildTransferFunctionScriptingTraits (0ms)
		AnalyzeDomain (532ms)
			TypeCache.Refresh (529ms)
				TypeCache.ScanAssembly (478ms)
			ScanForSourceGeneratedMonoScriptInfo (1ms)
			ResolveRequiredComponents (1ms)
	FinalizeReload (664ms)
		ReleaseScriptCaches (0ms)
		RebuildScriptCaches (0ms)
		SetupLoadedEditorAssemblies (538ms)
			LogAssemblyErrors (0ms)
			InitializePlatformSupportModulesInManaged (28ms)
			SetLoadedEditorAssemblies (12ms)
			RefreshPlugins (0ms)
			BeforeProcessingInitializeOnLoad (5ms)
			ProcessInitializeOnLoadAttributes (350ms)
			ProcessInitializeOnLoadMethodAttributes (144ms)
			AfterProcessingInitializeOnLoad (0ms)
			EditorAssembliesLoaded (0ms)
		ExecutionOrderSort2 (0ms)
		AwakeInstancesAfterBackupRestoration (0ms)
========================================================================
Worker process is ready to serve import requests
Caller must complete domain reload
Begin MonoManager ReloadAssembly
- Loaded All Assemblies, in  1.870 seconds
Native extension for WindowsStandalone target not found
Native extension for WebGL target not found
Mono: successfully reloaded assembly
- Finished resetting the current domain, in  1.974 seconds
Domain Reload Profiling: 3830ms
	BeginReloadAssembly (377ms)
		ExecutionOrderSort (0ms)
		DisableScriptedObjects (11ms)
		BackupInstance (0ms)
		ReleaseScriptingObjects (0ms)
		CreateAndSetChildDomain (48ms)
	RebuildCommonClasses (74ms)
	RebuildNativeTypeToScriptingClass (23ms)
	initialDomainReloadingComplete (95ms)
	LoadAllAssembliesAndSetupDomain (1285ms)
		LoadAssemblies (1079ms)
		RebuildTransferFunctionScriptingTraits (0ms)
		AnalyzeDomain (430ms)
			TypeCache.Refresh (369ms)
				TypeCache.ScanAssembly (338ms)
			ScanForSourceGeneratedMonoScriptInfo (46ms)
			ResolveRequiredComponents (12ms)
	FinalizeReload (1976ms)
		ReleaseScriptCaches (0ms)
		RebuildScriptCaches (0ms)
		SetupLoadedEditorAssemblies (1480ms)
			LogAssemblyErrors (0ms)
			InitializePlatformSupportModulesInManaged (27ms)
			SetLoadedEditorAssemblies (10ms)
			RefreshPlugins (0ms)
			BeforeProcessingInitializeOnLoad (180ms)
			ProcessInitializeOnLoadAttributes (1152ms)
			ProcessInitializeOnLoadMethodAttributes (53ms)
			AfterProcessingInitializeOnLoad (57ms)
			EditorAssembliesLoaded (0ms)
		ExecutionOrderSort2 (0ms)
		AwakeInstancesAfterBackupRestoration (46ms)
Launched and connected shader compiler UnityShaderCompiler.exe after 0.18 seconds
Refreshing native plugins compatible for Editor in 17.22 ms, found 3 plugins.
Preloading 0 native plugins for Editor in 0.00 ms.
Unloading 3274 Unused Serialized files (Serialized files now loaded: 0)
Unloading 19 unused Assets / (54.5 KB). Loaded Objects now: 3759.
Memory consumption went from 208.6 MB to 208.5 MB.
Total: 7.219700 ms (FindLiveObjects: 0.975300 ms CreateObjectMapping: 1.046900 ms MarkObjects: 4.928500 ms  DeleteObjects: 0.266800 ms)

AssetImportParameters requested are different than current active one (requested -> active):
  custom:container-demuxer-ogg: 62fdf1f143b41e24485cea50d1cbac27 -> 
  custom:video-decoder-ogg-theora: a1e56fd34408186e4bbccfd4996cb3dc -> 
  custom:framework-win-MediaFoundation: 216162199b28c13a410421893ffa2e32 -> 
  custom:CustomObjectIndexerAttribute: 9a22284fe3817be447336de3de66b15e -> 
  custom:container-demuxer-webm: 4f35f7cbe854078d1ac9338744f61a02 -> 
  custom:container-muxer-webm: aa71ff27fc2769a1b78a27578f13a17b -> 
  custom:video-decoder-webm-vp8: 9c59270c3fd7afecdb556c50c9e8de78 -> 
  custom:SearchIndexIgnoredProperties: e643bd26f0fe6173181afceb89e7c659 -> 
  custom:AudioImporter_EditorPlatform: d09bf68614088b80899f8185d706f6e7 -> 
  custom:video-encoder-webm-vp8: eb34c28f22e8b96e1ab97ce403110664 -> 
  custom:audio-decoder-ogg-vorbis: bf7c407c2cedff20999df2af8eb42d56 -> 
  custom:audio-encoder-webm-vorbis: bf7c407c2cedff20999df2af8eb42d56 -> 
========================================================================
Received Import Request.
  Time since last request: 351686.038626 seconds.
  path: Assets/GabrielAguiarProductions/FreeQuickEffectsVol1_2022_BIRP_v1.0.unitypackage
  artifactKey: Guid(5532df7eb5285d943bb34aa941f2079a) Importer(815301076,1909f56bfc062723c751e8b465ee728b)
Start importing Assets/GabrielAguiarProductions/FreeQuickEffectsVol1_2022_BIRP_v1.0.unitypackage using Guid(5532df7eb5285d943bb34aa941f2079a) Importer(815301076,1909f56bfc062723c751e8b465ee728b) [PhysX] Initialized MultithreadedTaskDispatcher with 4 workers.
 -> (artifact id: 'd2a991f707ad1cf9810036b0b475666c') in 0.029113 seconds
Number of updated asset objects reloaded before import = 0
Number of asset objects unloaded after import = 1
========================================================================
Received Import Request.
  Time since last request: 0.036519 seconds.
  path: Assets/Unity UI Samples/Animation/Panel/Closing.anim
  artifactKey: Guid(e7b4b73a0b041314f856b13bf63f0b84) Importer(815301076,1909f56bfc062723c751e8b465ee728b)
Start importing Assets/Unity UI Samples/Animation/Panel/Closing.anim using Guid(e7b4b73a0b041314f856b13bf63f0b84) Importer(815301076,1909f56bfc062723c751e8b465ee728b) [PhysX] Initialized MultithreadedTaskDispatcher with 4 workers.
 -> (artifact id: 'b54fa86b2f68cf70c43c03055e739945') in 0.017770 seconds
Number of updated asset objects reloaded before import = 0
Number of asset objects unloaded after import = 1
========================================================================
Received Import Request.
  Time since last request: 0.019503 seconds.
  path: Assets/Surreal-Skyboxes/Forest_Demo.unity
  artifactKey: Guid(fb90f5a1c709d63428a96f42ff915e2c) Importer(815301076,1909f56bfc062723c751e8b465ee728b)
Start importing Assets/Surreal-Skyboxes/Forest_Demo.unity using Guid(fb90f5a1c709d63428a96f42ff915e2c) Importer(815301076,1909f56bfc062723c751e8b465ee728b) [PhysX] Initialized MultithreadedTaskDispatcher with 4 workers.
 -> (artifact id: '682b7972548ee4a3f3342bb731f664e6') in 0.001877 seconds
Number of updated asset objects reloaded before import = 0
Number of asset objects unloaded after import = 0
========================================================================
Received Import Request.
  Time since last request: 0.100562 seconds.
  path: Assets/Phat Phrog Studios/Ambience - Underwater Worlds/5 - Phat Phrog Studios - Underwater Ambience - 3 Minute.wav
  artifactKey: Guid(f8e0ee9ee9f81ac4b808de2853bfab4f) Importer(815301076,1909f56bfc062723c751e8b465ee728b)
Start importing Assets/Phat Phrog Studios/Ambience - Underwater Worlds/5 - Phat Phrog Studios - Underwater Ambience - 3 Minute.wav using Guid(f8e0ee9ee9f81ac4b808de2853bfab4f) Importer(815301076,1909f56bfc062723c751e8b465ee728b) [PhysX] Initialized MultithreadedTaskDispatcher with 4 workers.
[PhysX] Initialized MultithreadedTaskDispatcher with 4 workers.
 -> (artifact id: '1f2562638212f001cf429fed5a2051da') in 2.439889 seconds
Number of updated asset objects reloaded before import = 0
Number of asset objects unloaded after import = 2
========================================================================
Received Import Request.
  Time since last request: 0.023336 seconds.
  path: Assets/Backrock Studios/LowPoly-Animals/Water/Textures/Fish 3 - v3/fish 3_DefaultMaterial_BaseColor.png
  artifactKey: Guid(bba8febb1aeef754f808bca3cff88414) Importer(815301076,1909f56bfc062723c751e8b465ee728b)
Start importing Assets/Backrock Studios/LowPoly-Animals/Water/Textures/Fish 3 - v3/fish 3_DefaultMaterial_BaseColor.png using Guid(bba8febb1aeef754f808bca3cff88414) Importer(815301076,1909f56bfc062723c751e8b465ee728b) [PhysX] Initialized MultithreadedTaskDispatcher with 4 workers.
[PhysX] Initialized MultithreadedTaskDispatcher with 4 workers.
 -> (artifact id: '045a34320ad06300d100f23193b1760a') in 0.098202 seconds
Number of updated asset objects reloaded before import = 0
Number of asset objects unloaded after import = 2
========================================================================
Received Import Request.
  Time since last request: 0.010862 seconds.
  path: Assets/GabrielAguiarProductions/FreeQuickEffectsVol1/Prefabs/vfx_Electricity_01.prefab
  artifactKey: Guid(68101499d07aced4aa0ded4acb624942) Importer(815301076,1909f56bfc062723c751e8b465ee728b)
Start importing Assets/GabrielAguiarProductions/FreeQuickEffectsVol1/Prefabs/vfx_Electricity_01.prefab using Guid(68101499d07aced4aa0ded4acb624942) Importer(815301076,1909f56bfc062723c751e8b465ee728b) [PhysX] Initialized MultithreadedTaskDispatcher with 4 workers.
[PhysX] Initialized MultithreadedTaskDispatcher with 4 workers.
 -> (artifact id: 'a8096313454a49a4d0139facf110bd89') in 0.109668 seconds
Number of updated asset objects reloaded before import = 0
Number of asset objects unloaded after import = 8
========================================================================
Received Import Request.
  Time since last request: 0.011746 seconds.
  path: Assets/Backrock Studios/LowPoly-Animals/Water/Textures/Dolphin-v4/dolphin_lambert1_BaseColor.png
  artifactKey: Guid(1d1fb3bc9d9685d4a901e94656633358) Importer(815301076,1909f56bfc062723c751e8b465ee728b)
Start importing Assets/Backrock Studios/LowPoly-Animals/Water/Textures/Dolphin-v4/dolphin_lambert1_BaseColor.png using Guid(1d1fb3bc9d9685d4a901e94656633358) Importer(815301076,1909f56bfc062723c751e8b465ee728b) [PhysX] Initialized MultithreadedTaskDispatcher with 4 workers.
[PhysX] Initialized MultithreadedTaskDispatcher with 4 workers.
 -> (artifact id: '128708913c0e3dee55220ad448e193ac') in 0.028105 seconds
Number of updated asset objects reloaded before import = 0
Number of asset objects unloaded after import = 2
========================================================================
Received Import Request.
  Time since last request: 0.002377 seconds.
  path: Assets/Phat Phrog Studios/Ambience - Underwater Worlds/Ambience Underwater Unity - Banner.png
  artifactKey: Guid(b697c54cbf1b1af4eb32c34388648621) Importer(815301076,1909f56bfc062723c751e8b465ee728b)
Start importing Assets/Phat Phrog Studios/Ambience - Underwater Worlds/Ambience Underwater Unity - Banner.png using Guid(b697c54cbf1b1af4eb32c34388648621) Importer(815301076,1909f56bfc062723c751e8b465ee728b) [PhysX] Initialized MultithreadedTaskDispatcher with 4 workers.
[PhysX] Initialized MultithreadedTaskDispatcher with 4 workers.
 -> (artifact id: '623b359d188dfcc5843f60eac15aab3c') in 0.086159 seconds
Number of updated asset objects reloaded before import = 0
Number of asset objects unloaded after import = 3
========================================================================
Received Import Request.
  Time since last request: 0.012107 seconds.
  path: Assets/Unity UI Samples/Textures and Sprites/SF UI/Background/SF Background.png
  artifactKey: Guid(39939fe0b3df2b741aca15c2accaf90a) Importer(815301076,1909f56bfc062723c751e8b465ee728b)
Start importing Assets/Unity UI Samples/Textures and Sprites/SF UI/Background/SF Background.png using Guid(39939fe0b3df2b741aca15c2accaf90a) Importer(815301076,1909f56bfc062723c751e8b465ee728b) [PhysX] Initialized MultithreadedTaskDispatcher with 4 workers.
[PhysX] Initialized MultithreadedTaskDispatcher with 4 workers.
 -> (artifact id: '88f459bcf2ab2fe944e4670a525b1f16') in 0.052719 seconds
Number of updated asset objects reloaded before import = 0
Number of asset objects unloaded after import = 3
========================================================================
Received Import Request.
  Time since last request: 0.143104 seconds.
  path: Assets/Phat Phrog Studios/Ambience - Underwater Worlds/10 - Phat Phrog Studios - Underwater Ambience - 3 Minute.wav
  artifactKey: Guid(082c49ed5b20c4b4986f2dc548490f32) Importer(815301076,1909f56bfc062723c751e8b465ee728b)
Start importing Assets/Phat Phrog Studios/Ambience - Underwater Worlds/10 - Phat Phrog Studios - Underwater Ambience - 3 Minute.wav using Guid(082c49ed5b20c4b4986f2dc548490f32) Importer(815301076,1909f56bfc062723c751e8b465ee728b) [PhysX] Initialized MultithreadedTaskDispatcher with 4 workers.
[PhysX] Initialized MultithreadedTaskDispatcher with 4 workers.
 -> (artifact id: '968dcf0614c2016155c761e033605c46') in 1.402575 seconds
Number of updated asset objects reloaded before import = 0
Number of asset objects unloaded after import = 2
========================================================================
Received Import Request.
  Time since last request: 0.024685 seconds.
  path: Assets/GabrielAguiarProductions/FreeQuickEffectsVol1_2022_HDRP_v1.0.unitypackage
  artifactKey: Guid(73bb3be0ae8d7b44e9cb35c23bdeeb2f) Importer(815301076,1909f56bfc062723c751e8b465ee728b)
Start importing Assets/GabrielAguiarProductions/FreeQuickEffectsVol1_2022_HDRP_v1.0.unitypackage using Guid(73bb3be0ae8d7b44e9cb35c23bdeeb2f) Importer(815301076,1909f56bfc062723c751e8b465ee728b) [PhysX] Initialized MultithreadedTaskDispatcher with 4 workers.
 -> (artifact id: '50944704ecf1087a55c8225b0c717404') in 0.002621 seconds
Number of updated asset objects reloaded before import = 0
Number of asset objects unloaded after import = 1
========================================================================
Received Import Request.
  Time since last request: 0.011895 seconds.
  path: Assets/Backrock Studios/LowPoly-Animals/Water/Textures/Shark - v2/sharks _DefaultMaterial_Roughness.png
  artifactKey: Guid(60e84ec704a092b4aba7779892014030) Importer(815301076,1909f56bfc062723c751e8b465ee728b)
Start importing Assets/Backrock Studios/LowPoly-Animals/Water/Textures/Shark - v2/sharks _DefaultMaterial_Roughness.png using Guid(60e84ec704a092b4aba7779892014030) Importer(815301076,1909f56bfc062723c751e8b465ee728b) [PhysX] Initialized MultithreadedTaskDispatcher with 4 workers.
[PhysX] Initialized MultithreadedTaskDispatcher with 4 workers.
 -> (artifact id: '839af3cd815ab83531d854d4816ea15f') in 0.031616 seconds
Number of updated asset objects reloaded before import = 0
Number of asset objects unloaded after import = 2
========================================================================
Received Import Request.
  Time since last request: 0.010639 seconds.
  path: Assets/Backrock Studios/LowPoly-Animals/Water/Textures/Shark - v4/sharks _DefaultMaterial_Metallic.png
  artifactKey: Guid(4ec0e66703bc66c4cb550d5b6adb6762) Importer(815301076,1909f56bfc062723c751e8b465ee728b)
Start importing Assets/Backrock Studios/LowPoly-Animals/Water/Textures/Shark - v4/sharks _DefaultMaterial_Metallic.png using Guid(4ec0e66703bc66c4cb550d5b6adb6762) Importer(815301076,1909f56bfc062723c751e8b465ee728b) [PhysX] Initialized MultithreadedTaskDispatcher with 4 workers.
[PhysX] Initialized MultithreadedTaskDispatcher with 4 workers.
 -> (artifact id: 'f0a90c2d2837822b49befbf7a5a50abc') in 0.024394 seconds
Number of updated asset objects reloaded before import = 0
Number of asset objects unloaded after import = 2
========================================================================
Received Import Request.
  Time since last request: 0.010117 seconds.
  path: Assets/Backrock Studios/LowPoly-Animals/Water/Fish_2/Fish_2_Animator.controller
  artifactKey: Guid(7d19bc945a3098b47853012b2017463a) Importer(815301076,1909f56bfc062723c751e8b465ee728b)
Start importing Assets/Backrock Studios/LowPoly-Animals/Water/Fish_2/Fish_2_Animator.controller using Guid(7d19bc945a3098b47853012b2017463a) Importer(815301076,1909f56bfc062723c751e8b465ee728b) [PhysX] Initialized MultithreadedTaskDispatcher with 4 workers.
 -> (artifact id: 'ad654ece51cf893a64898be29a2f1bee') in 0.016116 seconds
Number of updated asset objects reloaded before import = 0
Number of asset objects unloaded after import = 4
========================================================================
Received Import Request.
  Time since last request: 0.029297 seconds.
  path: Assets/Unity UI Samples/Scenes/Controls.unity
  artifactKey: Guid(e31151469f9db41bb99384b804f43c3d) Importer(815301076,1909f56bfc062723c751e8b465ee728b)
Start importing Assets/Unity UI Samples/Scenes/Controls.unity using Guid(e31151469f9db41bb99384b804f43c3d) Importer(815301076,1909f56bfc062723c751e8b465ee728b) [PhysX] Initialized MultithreadedTaskDispatcher with 4 workers.
 -> (artifact id: 'b8a80d73e8abe5b54220200cc8db0e50') in 0.001840 seconds
Number of updated asset objects reloaded before import = 0
Number of asset objects unloaded after import = 0
========================================================================
Received Import Request.
  Time since last request: 0.022414 seconds.
  path: Assets/GabrielAguiarProductions/FreeQuickEffectsVol1/Prefabs/vfx_Heal_01.prefab
  artifactKey: Guid(108ca465382c11742bd2c91fe4fdb13f) Importer(815301076,1909f56bfc062723c751e8b465ee728b)
Start importing Assets/GabrielAguiarProductions/FreeQuickEffectsVol1/Prefabs/vfx_Heal_01.prefab using Guid(108ca465382c11742bd2c91fe4fdb13f) Importer(815301076,1909f56bfc062723c751e8b465ee728b) [PhysX] Initialized MultithreadedTaskDispatcher with 4 workers.
[PhysX] Initialized MultithreadedTaskDispatcher with 4 workers.
 -> (artifact id: '94675ff97d64b1847ed6135d1188039e') in 0.059191 seconds
Number of updated asset objects reloaded before import = 0
Number of asset objects unloaded after import = 31
========================================================================
Received Import Request.
  Time since last request: 0.035583 seconds.
  path: Assets/Backrock Studios/LowPoly-Animals/Water/Textures/Fish - v2/fish1_DefaultMaterial_Normal.png
  artifactKey: Guid(2d6b2f193ad384e41925691a6d364248) Importer(815301076,1909f56bfc062723c751e8b465ee728b)
Start importing Assets/Backrock Studios/LowPoly-Animals/Water/Textures/Fish - v2/fish1_DefaultMaterial_Normal.png using Guid(2d6b2f193ad384e41925691a6d364248) Importer(815301076,1909f56bfc062723c751e8b465ee728b) [PhysX] Initialized MultithreadedTaskDispatcher with 4 workers.
[PhysX] Initialized MultithreadedTaskDispatcher with 4 workers.
 -> (artifact id: 'e26c948d94d24c2717b4b1cd16e5843d') in 0.043262 seconds
Number of updated asset objects reloaded before import = 0
Number of asset objects unloaded after import = 2
========================================================================
Received Import Request.
  Time since last request: 0.002486 seconds.
  path: Assets/TextMesh Pro/Shaders/TMP_Bitmap-Custom-Atlas.shader
  artifactKey: Guid(48bb5f55d8670e349b6e614913f9d910) Importer(815301076,1909f56bfc062723c751e8b465ee728b)
Start importing Assets/TextMesh Pro/Shaders/TMP_Bitmap-Custom-Atlas.shader using Guid(48bb5f55d8670e349b6e614913f9d910) Importer(815301076,1909f56bfc062723c751e8b465ee728b) [PhysX] Initialized MultithreadedTaskDispatcher with 4 workers.
 -> (artifact id: '6489be4e27e1b32644328774027471ad') in 0.002479 seconds
Number of updated asset objects reloaded before import = 0
Number of asset objects unloaded after import = 0
========================================================================
Received Import Request.
  Time since last request: 0.009004 seconds.
  path: Assets/Unity UI Samples/Animation/Panel/Open.anim
  artifactKey: Guid(192d548898c01fb43bf53b8e95b9fff3) Importer(815301076,1909f56bfc062723c751e8b465ee728b)
Start importing Assets/Unity UI Samples/Animation/Panel/Open.anim using Guid(192d548898c01fb43bf53b8e95b9fff3) Importer(815301076,1909f56bfc062723c751e8b465ee728b) [PhysX] Initialized MultithreadedTaskDispatcher with 4 workers.
 -> (artifact id: '0e3c487dde033e5d4a78eef89c360f3f') in 0.002439 seconds
Number of updated asset objects reloaded before import = 0
Number of asset objects unloaded after import = 1
========================================================================
Received Import Request.
  Time since last request: 0.008131 seconds.
  path: Assets/Surreal-Skyboxes/Space_Demo.unity
  artifactKey: Guid(6a7c70a2e643ecf4090926289c4081a5) Importer(815301076,1909f56bfc062723c751e8b465ee728b)
Start importing Assets/Surreal-Skyboxes/Space_Demo.unity using Guid(6a7c70a2e643ecf4090926289c4081a5) Importer(815301076,1909f56bfc062723c751e8b465ee728b) [PhysX] Initialized MultithreadedTaskDispatcher with 4 workers.
 -> (artifact id: '47ab896b97c51475b79ef4261be76f4b') in 0.001523 seconds
Number of updated asset objects reloaded before import = 0
Number of asset objects unloaded after import = 0
========================================================================
Received Import Request.
  Time since last request: 0.009398 seconds.
  path: Assets/GabrielAguiarProductions/FreeQuickEffectsVol1/Prefabs/vfx_Lightning_01.prefab
  artifactKey: Guid(e84c40719cee66744925cce01bef28fc) Importer(815301076,1909f56bfc062723c751e8b465ee728b)
Start importing Assets/GabrielAguiarProductions/FreeQuickEffectsVol1/Prefabs/vfx_Lightning_01.prefab using Guid(e84c40719cee66744925cce01bef28fc) Importer(815301076,1909f56bfc062723c751e8b465ee728b) [PhysX] Initialized MultithreadedTaskDispatcher with 4 workers.
[PhysX] Initialized MultithreadedTaskDispatcher with 4 workers.
 -> (artifact id: 'd187a928f26904cc87a2522f7ef3019e') in 0.025533 seconds
Number of updated asset objects reloaded before import = 0
Number of asset objects unloaded after import = 12
========================================================================
Received Import Request.
  Time since last request: 0.009455 seconds.
  path: Assets/GabrielAguiarProductions/FreeQuickEffectsVol1/Prefabs/vfx_Shield_01.prefab
  artifactKey: Guid(ccf28ea29cf499744ac31bab90073aba) Importer(815301076,1909f56bfc062723c751e8b465ee728b)
Start importing Assets/GabrielAguiarProductions/FreeQuickEffectsVol1/Prefabs/vfx_Shield_01.prefab using Guid(ccf28ea29cf499744ac31bab90073aba) Importer(815301076,1909f56bfc062723c751e8b465ee728b) [PhysX] Initialized MultithreadedTaskDispatcher with 4 workers.
[PhysX] Initialized MultithreadedTaskDispatcher with 4 workers.
 -> (artifact id: 'e81f4bc9ff587096442315a451ec927b') in 0.035887 seconds
Number of updated asset objects reloaded before import = 0
Number of asset objects unloaded after import = 18
========================================================================
Received Import Request.
  Time since last request: 0.012691 seconds.
  path: Assets/Backrock Studios/LowPoly-Animals/Water/Textures/Fish 2 - v2/fish 2_Material.001_BaseColor.png
  artifactKey: Guid(d3ae003497a868d45bda44074f2914a9) Importer(815301076,1909f56bfc062723c751e8b465ee728b)
Start importing Assets/Backrock Studios/LowPoly-Animals/Water/Textures/Fish 2 - v2/fish 2_Material.001_BaseColor.png using Guid(d3ae003497a868d45bda44074f2914a9) Importer(815301076,1909f56bfc062723c751e8b465ee728b) [PhysX] Initialized MultithreadedTaskDispatcher with 4 workers.
[PhysX] Initialized MultithreadedTaskDispatcher with 4 workers.
 -> (artifact id: '68750762bc3168afa0c70c4f0b98f29a') in 0.040077 seconds
Number of updated asset objects reloaded before import = 0
Number of asset objects unloaded after import = 2
========================================================================
Received Import Request.
  Time since last request: 0.078159 seconds.
  path: Assets/GabrielAguiarProductions/FreeQuickEffectsVol1/Prefabs/vfx_Explosion_01.prefab
  artifactKey: Guid(cf82839c411151342a7b2337bda9fb34) Importer(815301076,1909f56bfc062723c751e8b465ee728b)
Start importing Assets/GabrielAguiarProductions/FreeQuickEffectsVol1/Prefabs/vfx_Explosion_01.prefab using Guid(cf82839c411151342a7b2337bda9fb34) Importer(815301076,1909f56bfc062723c751e8b465ee728b) [PhysX] Initialized MultithreadedTaskDispatcher with 4 workers.
[PhysX] Initialized MultithreadedTaskDispatcher with 4 workers.
 -> (artifact id: '2b06029f5971bc1f8a8dc2533e270711') in 0.084556 seconds
Number of updated asset objects reloaded before import = 0
Number of asset objects unloaded after import = 38
========================================================================
Received Import Request.
  Time since last request: 0.008961 seconds.
  path: Assets/Alstra Infinite/Fish - PolyPack/Prefabs/FishV4.prefab
  artifactKey: Guid(a05072560c3476b4cb8dddf22f697392) Importer(815301076,1909f56bfc062723c751e8b465ee728b)
Start importing Assets/Alstra Infinite/Fish - PolyPack/Prefabs/FishV4.prefab using Guid(a05072560c3476b4cb8dddf22f697392) Importer(815301076,1909f56bfc062723c751e8b465ee728b) [PhysX] Initialized MultithreadedTaskDispatcher with 4 workers.
[PhysX] Initialized MultithreadedTaskDispatcher with 4 workers.
 -> (artifact id: '9f0ff21097080fc56642d66bf7b7ad5f') in 0.058511 seconds
Number of updated asset objects reloaded before import = 0
Number of asset objects unloaded after import = 10
========================================================================
Received Import Request.
  Time since last request: 0.042632 seconds.
  path: Assets/Surreal-Skyboxes/Textures/desert_sunset.png
  artifactKey: Guid(c1c9db27f4b3b0d4eb364297498639bf) Importer(815301076,1909f56bfc062723c751e8b465ee728b)
Start importing Assets/Surreal-Skyboxes/Textures/desert_sunset.png using Guid(c1c9db27f4b3b0d4eb364297498639bf) Importer(815301076,1909f56bfc062723c751e8b465ee728b) [PhysX] Initialized MultithreadedTaskDispatcher with 4 workers.
[PhysX] Initialized MultithreadedTaskDispatcher with 4 workers.
 -> (artifact id: '568afe6708afdd7d47aaa0f82bc27e9c') in 0.026758 seconds
Number of updated asset objects reloaded before import = 0
Number of asset objects unloaded after import = 2
========================================================================
Received Import Request.
  Time since last request: 0.026412 seconds.
  path: Assets/GabrielAguiarProductions/FreeQuickEffectsVol1/Prefabs/vfx_Flames_01.prefab
  artifactKey: Guid(8fa5143051527e949b0ae174c8430414) Importer(815301076,1909f56bfc062723c751e8b465ee728b)
Start importing Assets/GabrielAguiarProductions/FreeQuickEffectsVol1/Prefabs/vfx_Flames_01.prefab using Guid(8fa5143051527e949b0ae174c8430414) Importer(815301076,1909f56bfc062723c751e8b465ee728b) [PhysX] Initialized MultithreadedTaskDispatcher with 4 workers.
[PhysX] Initialized MultithreadedTaskDispatcher with 4 workers.
 -> (artifact id: '61d1c89631dc9d4e946db7f90edb190e') in 0.073014 seconds
Number of updated asset objects reloaded before import = 0
Number of asset objects unloaded after import = 14
========================================================================
Received Import Request.
  Time since last request: 0.011964 seconds.
  path: Assets/GabrielAguiarProductions/FreeQuickEffectsVol1/Prefabs/vfx_Rain_01.prefab
  artifactKey: Guid(1731425cf73de7541b40acd38dba18ec) Importer(815301076,1909f56bfc062723c751e8b465ee728b)
Start importing Assets/GabrielAguiarProductions/FreeQuickEffectsVol1/Prefabs/vfx_Rain_01.prefab using Guid(1731425cf73de7541b40acd38dba18ec) Importer(815301076,1909f56bfc062723c751e8b465ee728b) [PhysX] Initialized MultithreadedTaskDispatcher with 4 workers.
[PhysX] Initialized MultithreadedTaskDispatcher with 4 workers.
 -> (artifact id: 'b0084cfe8fd39ab75aa6206c08094b71') in 0.051028 seconds
Number of updated asset objects reloaded before import = 0
Number of asset objects unloaded after import = 14
========================================================================
Received Import Request.
  Time since last request: 0.107401 seconds.
  path: Assets/Surreal-Skyboxes/Textures/storm.png
  artifactKey: Guid(7e2dd837d9de7254d9131dca931982e7) Importer(815301076,1909f56bfc062723c751e8b465ee728b)
Start importing Assets/Surreal-Skyboxes/Textures/storm.png using Guid(7e2dd837d9de7254d9131dca931982e7) Importer(815301076,1909f56bfc062723c751e8b465ee728b) [PhysX] Initialized MultithreadedTaskDispatcher with 4 workers.
[PhysX] Initialized MultithreadedTaskDispatcher with 4 workers.
 -> (artifact id: '3d9e5b8f06c74e3a02ddec94c81410aa') in 0.064817 seconds
Number of updated asset objects reloaded before import = 0
Number of asset objects unloaded after import = 2
========================================================================
Received Import Request.
  Time since last request: 0.059901 seconds.
  path: Assets/Backrock Studios/LowPoly-Animals/Prefabs/Fish-6/Fish_6_v3.prefab
  artifactKey: Guid(555ac33acd7d7a3408d53e1b339664f1) Importer(815301076,1909f56bfc062723c751e8b465ee728b)
Start importing Assets/Backrock Studios/LowPoly-Animals/Prefabs/Fish-6/Fish_6_v3.prefab using Guid(555ac33acd7d7a3408d53e1b339664f1) Importer(815301076,1909f56bfc062723c751e8b465ee728b) [PhysX] Initialized MultithreadedTaskDispatcher with 4 workers.
[PhysX] Initialized MultithreadedTaskDispatcher with 4 workers.
 -> (artifact id: '572589ca72c4c2910d852143ff565965') in 0.297800 seconds
Number of updated asset objects reloaded before import = 0
Number of asset objects unloaded after import = 181
========================================================================
Received Import Request.
  Time since last request: 0.006749 seconds.
  path: Assets/Unity UI Samples/Textures and Sprites/Lit UI/DiagonalStripes.psd
  artifactKey: Guid(30db500b226a8014e82f9e1e39a78e15) Importer(815301076,1909f56bfc062723c751e8b465ee728b)
Start importing Assets/Unity UI Samples/Textures and Sprites/Lit UI/DiagonalStripes.psd using Guid(30db500b226a8014e82f9e1e39a78e15) Importer(815301076,1909f56bfc062723c751e8b465ee728b) [PhysX] Initialized MultithreadedTaskDispatcher with 4 workers.
[PhysX] Initialized MultithreadedTaskDispatcher with 4 workers.
 -> (artifact id: 'd8dfbbe6bfc09fb73dde2c1ccdb0496b') in 0.031473 seconds
Number of updated asset objects reloaded before import = 0
Number of asset objects unloaded after import = 2
========================================================================
Received Import Request.
  Time since last request: 0.011381 seconds.
  path: Assets/TextMesh Pro/Shaders/TMP_Sprite.shader
  artifactKey: Guid(cf81c85f95fe47e1a27f6ae460cf182c) Importer(815301076,1909f56bfc062723c751e8b465ee728b)
Start importing Assets/TextMesh Pro/Shaders/TMP_Sprite.shader using Guid(cf81c85f95fe47e1a27f6ae460cf182c) Importer(815301076,1909f56bfc062723c751e8b465ee728b) [PhysX] Initialized MultithreadedTaskDispatcher with 4 workers.
 -> (artifact id: '622ecadc0daaa6c1b335907e5d3e0ebf') in 0.004466 seconds
Number of updated asset objects reloaded before import = 0
Number of asset objects unloaded after import = 0
========================================================================
Received Import Request.
  Time since last request: 0.012802 seconds.
  path: Assets/Backrock Studios/LowPoly-Animals/Water/Textures/Dolphin-v2/dolphin_lambert1_BaseColor.png
  artifactKey: Guid(eeb601e998f59934eb91f14b6160fddd) Importer(815301076,1909f56bfc062723c751e8b465ee728b)
Start importing Assets/Backrock Studios/LowPoly-Animals/Water/Textures/Dolphin-v2/dolphin_lambert1_BaseColor.png using Guid(eeb601e998f59934eb91f14b6160fddd) Importer(815301076,1909f56bfc062723c751e8b465ee728b) [PhysX] Initialized MultithreadedTaskDispatcher with 4 workers.
[PhysX] Initialized MultithreadedTaskDispatcher with 4 workers.
 -> (artifact id: '8eb546eea524057b840f5e8d648c4e68') in 0.039530 seconds
Number of updated asset objects reloaded before import = 0
Number of asset objects unloaded after import = 2
========================================================================
Received Import Request.
  Time since last request: 0.013858 seconds.
  path: Assets/Surreal-Skyboxes/Mountains_Art_Demo.unity
  artifactKey: Guid(2f6c412612a24334f906cd3a9139b020) Importer(815301076,1909f56bfc062723c751e8b465ee728b)
Start importing Assets/Surreal-Skyboxes/Mountains_Art_Demo.unity using Guid(2f6c412612a24334f906cd3a9139b020) Importer(815301076,1909f56bfc062723c751e8b465ee728b) [PhysX] Initialized MultithreadedTaskDispatcher with 4 workers.
 -> (artifact id: '61cc8612360e27ce22a7fefa8b32c1b0') in 0.002510 seconds
Number of updated asset objects reloaded before import = 0
Number of asset objects unloaded after import = 0
========================================================================
Received Import Request.
  Time since last request: 0.002858 seconds.
  path: Assets/GabrielAguiarProductions/FreeQuickEffectsVol1/Prefabs/vfx_Portal_02.prefab
  artifactKey: Guid(31e1448bbc469064e89a752925fc2ea4) Importer(815301076,1909f56bfc062723c751e8b465ee728b)
Start importing Assets/GabrielAguiarProductions/FreeQuickEffectsVol1/Prefabs/vfx_Portal_02.prefab using Guid(31e1448bbc469064e89a752925fc2ea4) Importer(815301076,1909f56bfc062723c751e8b465ee728b) [PhysX] Initialized MultithreadedTaskDispatcher with 4 workers.
[PhysX] Initialized MultithreadedTaskDispatcher with 4 workers.
 -> (artifact id: '70df174644b8461af88f3c57695be5ea') in 0.055321 seconds
Number of updated asset objects reloaded before import = 0
Number of asset objects unloaded after import = 22
========================================================================
Received Import Request.
  Time since last request: 0.009262 seconds.
  path: Assets/Backrock Studios/LowPoly-Animals/Water/Textures/Fish - v5/fish1_DefaultMaterial_Normal.png
  artifactKey: Guid(b961b6639b11ad5408896d703648526f) Importer(815301076,1909f56bfc062723c751e8b465ee728b)
Start importing Assets/Backrock Studios/LowPoly-Animals/Water/Textures/Fish - v5/fish1_DefaultMaterial_Normal.png using Guid(b961b6639b11ad5408896d703648526f) Importer(815301076,1909f56bfc062723c751e8b465ee728b) [PhysX] Initialized MultithreadedTaskDispatcher with 4 workers.
[PhysX] Initialized MultithreadedTaskDispatcher with 4 workers.
 -> (artifact id: '4754e1f1618421cd89409a772c4e207f') in 0.045910 seconds
Number of updated asset objects reloaded before import = 0
Number of asset objects unloaded after import = 2
========================================================================
Received Import Request.
  Time since last request: 0.021233 seconds.
  path: Assets/Backrock Studios/LowPoly-Animals/Water/Textures/Shark - v4/sharks _DefaultMaterial_Normal.png
  artifactKey: Guid(f34a9fbe2897f084bbc04f79dab937a2) Importer(815301076,1909f56bfc062723c751e8b465ee728b)
Start importing Assets/Backrock Studios/LowPoly-Animals/Water/Textures/Shark - v4/sharks _DefaultMaterial_Normal.png using Guid(f34a9fbe2897f084bbc04f79dab937a2) Importer(815301076,1909f56bfc062723c751e8b465ee728b) [PhysX] Initialized MultithreadedTaskDispatcher with 4 workers.
[PhysX] Initialized MultithreadedTaskDispatcher with 4 workers.
 -> (artifact id: '8383a5fd8d976a7cd52bd87ed24f3ee6') in 0.042918 seconds
Number of updated asset objects reloaded before import = 0
Number of asset objects unloaded after import = 2
========================================================================
Received Import Request.
  Time since last request: 0.039926 seconds.
  path: Assets/Backrock Studios/LowPoly-Animals/Water/Textures/Fish - v4/fish1_DefaultMaterial_Roughness.png
  artifactKey: Guid(379483a830c73bb40afdf60aae697100) Importer(815301076,1909f56bfc062723c751e8b465ee728b)
Start importing Assets/Backrock Studios/LowPoly-Animals/Water/Textures/Fish - v4/fish1_DefaultMaterial_Roughness.png using Guid(379483a830c73bb40afdf60aae697100) Importer(815301076,1909f56bfc062723c751e8b465ee728b) [PhysX] Initialized MultithreadedTaskDispatcher with 4 workers.
[PhysX] Initialized MultithreadedTaskDispatcher with 4 workers.
 -> (artifact id: '0fc18ec5d9a7fb881c86faef13bcd974') in 0.033269 seconds
Number of updated asset objects reloaded before import = 0
Number of asset objects unloaded after import = 2
========================================================================
Received Import Request.
  Time since last request: 0.024198 seconds.
  path: Assets/Backrock Studios/LowPoly-Animals/Water/Textures/Fish - v3/fish1_DefaultMaterial_Roughness.png
  artifactKey: Guid(cc8e830595f343d47b27a246e7e76bc6) Importer(815301076,1909f56bfc062723c751e8b465ee728b)
Start importing Assets/Backrock Studios/LowPoly-Animals/Water/Textures/Fish - v3/fish1_DefaultMaterial_Roughness.png using Guid(cc8e830595f343d47b27a246e7e76bc6) Importer(815301076,1909f56bfc062723c751e8b465ee728b) [PhysX] Initialized MultithreadedTaskDispatcher with 4 workers.
[PhysX] Initialized MultithreadedTaskDispatcher with 4 workers.
 -> (artifact id: '87858cd17a535a5ad7a490e206aea715') in 0.040275 seconds
Number of updated asset objects reloaded before import = 0
Number of asset objects unloaded after import = 2
========================================================================
Received Import Request.
  Time since last request: 0.010731 seconds.
  path: Assets/Surreal-Skyboxes/Storm_Demo.unity
  artifactKey: Guid(526a9eaf318901f4a8a78e232c09ecc5) Importer(815301076,1909f56bfc062723c751e8b465ee728b)
Start importing Assets/Surreal-Skyboxes/Storm_Demo.unity using Guid(526a9eaf318901f4a8a78e232c09ecc5) Importer(815301076,1909f56bfc062723c751e8b465ee728b) [PhysX] Initialized MultithreadedTaskDispatcher with 4 workers.
 -> (artifact id: 'e49b88e45c4890da40f2eaf9b39c72e9') in 0.002080 seconds
Number of updated asset objects reloaded before import = 0
Number of asset objects unloaded after import = 0
========================================================================
Received Import Request.
  Time since last request: 0.024111 seconds.
  path: Assets/GabrielAguiarProductions/FreeQuickEffectsVol1/Prefabs/vfx_Explosion_02.prefab
  artifactKey: Guid(83ad694f134ab954580473212156b35a) Importer(815301076,1909f56bfc062723c751e8b465ee728b)
Start importing Assets/GabrielAguiarProductions/FreeQuickEffectsVol1/Prefabs/vfx_Explosion_02.prefab using Guid(83ad694f134ab954580473212156b35a) Importer(815301076,1909f56bfc062723c751e8b465ee728b) [PhysX] Initialized MultithreadedTaskDispatcher with 4 workers.
[PhysX] Initialized MultithreadedTaskDispatcher with 4 workers.
 -> (artifact id: '0645c641fa23ed57ff71ea9b0535c7d5') in 0.074657 seconds
Number of updated asset objects reloaded before import = 0
Number of asset objects unloaded after import = 56
========================================================================
Received Import Request.
  Time since last request: 0.029908 seconds.
  path: Assets/Surreal-Skyboxes/Mushroom_Sunset_Demo.unity
  artifactKey: Guid(53ea62e291a892c489fdb14854b97dde) Importer(815301076,1909f56bfc062723c751e8b465ee728b)
Start importing Assets/Surreal-Skyboxes/Mushroom_Sunset_Demo.unity using Guid(53ea62e291a892c489fdb14854b97dde) Importer(815301076,1909f56bfc062723c751e8b465ee728b) [PhysX] Initialized MultithreadedTaskDispatcher with 4 workers.
 -> (artifact id: 'db506ac54b45a6ae73d393fdb127a6f8') in 0.002040 seconds
Number of updated asset objects reloaded before import = 0
Number of asset objects unloaded after import = 0
========================================================================
Received Import Request.
  Time since last request: 0.009817 seconds.
  path: Assets/TextMesh Pro/Shaders/TMP_SDF Overlay.shader
  artifactKey: Guid(dd89cf5b9246416f84610a006f916af7) Importer(815301076,1909f56bfc062723c751e8b465ee728b)
Start importing Assets/TextMesh Pro/Shaders/TMP_SDF Overlay.shader using Guid(dd89cf5b9246416f84610a006f916af7) Importer(815301076,1909f56bfc062723c751e8b465ee728b) [PhysX] Initialized MultithreadedTaskDispatcher with 4 workers.
 -> (artifact id: 'e5764a33a8e286e90cada0c0e67a96cc') in 0.006354 seconds
Number of updated asset objects reloaded before import = 0
Number of asset objects unloaded after import = 0
========================================================================
Received Import Request.
  Time since last request: 0.041663 seconds.
  path: Assets/Backrock Studios/LowPoly-Animals/Water/Textures/Fish 3 - v1/fish 3_DefaultMaterial_BaseColor.png
  artifactKey: Guid(ea8c33db01eff8748816fbca7ea606c5) Importer(815301076,1909f56bfc062723c751e8b465ee728b)
Start importing Assets/Backrock Studios/LowPoly-Animals/Water/Textures/Fish 3 - v1/fish 3_DefaultMaterial_BaseColor.png using Guid(ea8c33db01eff8748816fbca7ea606c5) Importer(815301076,1909f56bfc062723c751e8b465ee728b) [PhysX] Initialized MultithreadedTaskDispatcher with 4 workers.
[PhysX] Initialized MultithreadedTaskDispatcher with 4 workers.
 -> (artifact id: '850e534fb8d85eb1f72cd1980015ee43') in 0.034343 seconds
Number of updated asset objects reloaded before import = 0
Number of asset objects unloaded after import = 2
========================================================================
Received Import Request.
  Time since last request: 0.012184 seconds.
  path: Assets/Backrock Studios/LowPoly-Animals/Water/Textures/Fish 5 - v4/fish 5_DefaultMaterial_BaseColor.png
  artifactKey: Guid(a7a3a224d6cdb954f87b30c1b1f13611) Importer(815301076,1909f56bfc062723c751e8b465ee728b)
Start importing Assets/Backrock Studios/LowPoly-Animals/Water/Textures/Fish 5 - v4/fish 5_DefaultMaterial_BaseColor.png using Guid(a7a3a224d6cdb954f87b30c1b1f13611) Importer(815301076,1909f56bfc062723c751e8b465ee728b) [PhysX] Initialized MultithreadedTaskDispatcher with 4 workers.
[PhysX] Initialized MultithreadedTaskDispatcher with 4 workers.
 -> (artifact id: '24230f17bf8fb06b3c2c5d4f2be17cf4') in 0.032093 seconds
Number of updated asset objects reloaded before import = 0
Number of asset objects unloaded after import = 2
========================================================================
Received Import Request.
  Time since last request: 0.010619 seconds.
  path: Assets/Backrock Studios/LowPoly-Animals/Water/Fish_5/Fish_5_Controller.controller
  artifactKey: Guid(2fbea65314547424f8e3cf8f97540709) Importer(815301076,1909f56bfc062723c751e8b465ee728b)
Start importing Assets/Backrock Studios/LowPoly-Animals/Water/Fish_5/Fish_5_Controller.controller using Guid(2fbea65314547424f8e3cf8f97540709) Importer(815301076,1909f56bfc062723c751e8b465ee728b) [PhysX] Initialized MultithreadedTaskDispatcher with 4 workers.
 -> (artifact id: 'd4009f06c0b6889c58c84b30c0373540') in 0.007341 seconds
Number of updated asset objects reloaded before import = 0
Number of asset objects unloaded after import = 4
========================================================================
Received Import Request.
  Time since last request: 0.021117 seconds.
  path: Assets/Scripts/pdf-viewer.code-workspace
  artifactKey: Guid(4b90d751e07575a438d82d32bcb7adb8) Importer(815301076,1909f56bfc062723c751e8b465ee728b)
Start importing Assets/Scripts/pdf-viewer.code-workspace using Guid(4b90d751e07575a438d82d32bcb7adb8) Importer(815301076,1909f56bfc062723c751e8b465ee728b) [PhysX] Initialized MultithreadedTaskDispatcher with 4 workers.
 -> (artifact id: 'ed8dfeaf89a64639dd38362e3035e4dc') in 0.002981 seconds
Number of updated asset objects reloaded before import = 0
Number of asset objects unloaded after import = 1
========================================================================
Received Import Request.
  Time since last request: 0.009568 seconds.
  path: Assets/Surreal-Skyboxes/Mushroom_Night_Demo.unity
  artifactKey: Guid(e170b9b0f9a732d4a8b36901851e4fd3) Importer(815301076,1909f56bfc062723c751e8b465ee728b)
Start importing Assets/Surreal-Skyboxes/Mushroom_Night_Demo.unity using Guid(e170b9b0f9a732d4a8b36901851e4fd3) Importer(815301076,1909f56bfc062723c751e8b465ee728b) [PhysX] Initialized MultithreadedTaskDispatcher with 4 workers.
 -> (artifact id: '65198d71937bbb0cd884cd1196525e4c') in 0.001809 seconds
Number of updated asset objects reloaded before import = 0
Number of asset objects unloaded after import = 0
========================================================================
Received Import Request.
  Time since last request: 0.008954 seconds.
  path: Assets/Surreal-Skyboxes/Forest_Sunset_Demo.unity
  artifactKey: Guid(38a72900f907b1348a3a4666f2d2f131) Importer(815301076,1909f56bfc062723c751e8b465ee728b)
Start importing Assets/Surreal-Skyboxes/Forest_Sunset_Demo.unity using Guid(38a72900f907b1348a3a4666f2d2f131) Importer(815301076,1909f56bfc062723c751e8b465ee728b) [PhysX] Initialized MultithreadedTaskDispatcher with 4 workers.
 -> (artifact id: '2f84f7d36e9c4fbbbf21dcb7e8d2a02c') in 0.001865 seconds
Number of updated asset objects reloaded before import = 0
Number of asset objects unloaded after import = 0
========================================================================
Received Import Request.
  Time since last request: 0.014477 seconds.
  path: Assets/Backrock Studios/LowPoly-Animals/Water/Textures/Tortoise - v3/tortoise_Solid_BaseColor.png
  artifactKey: Guid(f93e899d5dd2d424b9827c9f401e2dbf) Importer(815301076,1909f56bfc062723c751e8b465ee728b)
Start importing Assets/Backrock Studios/LowPoly-Animals/Water/Textures/Tortoise - v3/tortoise_Solid_BaseColor.png using Guid(f93e899d5dd2d424b9827c9f401e2dbf) Importer(815301076,1909f56bfc062723c751e8b465ee728b) [PhysX] Initialized MultithreadedTaskDispatcher with 4 workers.
[PhysX] Initialized MultithreadedTaskDispatcher with 4 workers.
 -> (artifact id: 'cbc2cf68dac99fdbb56d79a882403d5b') in 0.034186 seconds
Number of updated asset objects reloaded before import = 0
Number of asset objects unloaded after import = 2
========================================================================
Received Import Request.
  Time since last request: 0.031534 seconds.
  path: Assets/GabrielAguiarProductions/FreeQuickEffectsVol1/Prefabs/vfx_Implosion_01.prefab
  artifactKey: Guid(0f3d407feb92ebb49b98d0157de5008a) Importer(815301076,1909f56bfc062723c751e8b465ee728b)
Start importing Assets/GabrielAguiarProductions/FreeQuickEffectsVol1/Prefabs/vfx_Implosion_01.prefab using Guid(0f3d407feb92ebb49b98d0157de5008a) Importer(815301076,1909f56bfc062723c751e8b465ee728b) [PhysX] Initialized MultithreadedTaskDispatcher with 4 workers.
[PhysX] Initialized MultithreadedTaskDispatcher with 4 workers.
 -> (artifact id: 'b5ed5aa8c04a09d1bf58c16c47c88da6') in 0.063877 seconds
Number of updated asset objects reloaded before import = 0
Number of asset objects unloaded after import = 12
========================================================================
Received Import Request.
  Time since last request: 0.002984 seconds.
  path: Assets/GabrielAguiarProductions/FreeQuickEffectsVol1/Textures/DistortedFlare01.png
  artifactKey: Guid(045455acf260bb2448a3af663573846c) Importer(815301076,1909f56bfc062723c751e8b465ee728b)
Start importing Assets/GabrielAguiarProductions/FreeQuickEffectsVol1/Textures/DistortedFlare01.png using Guid(045455acf260bb2448a3af663573846c) Importer(815301076,1909f56bfc062723c751e8b465ee728b) [PhysX] Initialized MultithreadedTaskDispatcher with 4 workers.
[PhysX] Initialized MultithreadedTaskDispatcher with 4 workers.
 -> (artifact id: '7154f1bf372330361464bfb47f400c67') in 0.047148 seconds
Number of updated asset objects reloaded before import = 0
Number of asset objects unloaded after import = 2
========================================================================
Received Import Request.
  Time since last request: 0.016054 seconds.
  path: Assets/Alstra Infinite/Fish - PolyPack/Prefabs/FishV1.prefab
  artifactKey: Guid(94c015d94f6e5364e9b36b960bbe1b77) Importer(815301076,1909f56bfc062723c751e8b465ee728b)
Start importing Assets/Alstra Infinite/Fish - PolyPack/Prefabs/FishV1.prefab using Guid(94c015d94f6e5364e9b36b960bbe1b77) Importer(815301076,1909f56bfc062723c751e8b465ee728b) [PhysX] Initialized MultithreadedTaskDispatcher with 4 workers.
[PhysX] Initialized MultithreadedTaskDispatcher with 4 workers.
 -> (artifact id: '3c4029e5d22cf3e5a7ee3ebf8264052a') in 0.038742 seconds
Number of updated asset objects reloaded before import = 0
Number of asset objects unloaded after import = 10
========================================================================
Received Import Request.
  Time since last request: 0.012188 seconds.
  path: Assets/Jiggly Bubble Free/Shaders/Particle Alpha Blended Cubemap Skybox.shader
  artifactKey: Guid(226a221bc293c7a4eba00ea1b631e70b) Importer(815301076,1909f56bfc062723c751e8b465ee728b)
Start importing Assets/Jiggly Bubble Free/Shaders/Particle Alpha Blended Cubemap Skybox.shader using Guid(226a221bc293c7a4eba00ea1b631e70b) Importer(815301076,1909f56bfc062723c751e8b465ee728b) [PhysX] Initialized MultithreadedTaskDispatcher with 4 workers.
 -> (artifact id: '7dc167d9846479bdcf75e849a7a195cd') in 0.002396 seconds
Number of updated asset objects reloaded before import = 0
Number of asset objects unloaded after import = 0
========================================================================
Received Import Request.
  Time since last request: 0.009261 seconds.
  path: Assets/Surreal-Skyboxes/Mountains_Art_Sunset_Demo.unity
  artifactKey: Guid(21c396a6b7348f54e9eae73779f57aa2) Importer(815301076,1909f56bfc062723c751e8b465ee728b)
Start importing Assets/Surreal-Skyboxes/Mountains_Art_Sunset_Demo.unity using Guid(21c396a6b7348f54e9eae73779f57aa2) Importer(815301076,1909f56bfc062723c751e8b465ee728b) [PhysX] Initialized MultithreadedTaskDispatcher with 4 workers.
 -> (artifact id: '1e5402b0b2bc48dd70585e000c08194b') in 0.001860 seconds
Number of updated asset objects reloaded before import = 0
Number of asset objects unloaded after import = 0
========================================================================
Received Import Request.
  Time since last request: 0.012154 seconds.
  path: Assets/GabrielAguiarProductions/FreeQuickEffectsVol1/Prefabs/vfx_MuzzleFlash_02.prefab
  artifactKey: Guid(4f5fc4bbd01b03a4499a6ed77f175fc7) Importer(815301076,1909f56bfc062723c751e8b465ee728b)
Start importing Assets/GabrielAguiarProductions/FreeQuickEffectsVol1/Prefabs/vfx_MuzzleFlash_02.prefab using Guid(4f5fc4bbd01b03a4499a6ed77f175fc7) Importer(815301076,1909f56bfc062723c751e8b465ee728b) [PhysX] Initialized MultithreadedTaskDispatcher with 4 workers.
[PhysX] Initialized MultithreadedTaskDispatcher with 4 workers.
 -> (artifact id: '0552d967131aef5041b006f7bab452a3') in 0.043790 seconds
Number of updated asset objects reloaded before import = 0
Number of asset objects unloaded after import = 26
========================================================================
Received Import Request.
  Time since last request: 0.034488 seconds.
  path: Assets/Backrock Studios/LowPoly-Animals/Water/Textures/Fish 4 - v2/fish 4_DefaultMaterial_BaseColor.png
  artifactKey: Guid(a39c8f120bda3f04baec0f884fb1574e) Importer(815301076,1909f56bfc062723c751e8b465ee728b)
Start importing Assets/Backrock Studios/LowPoly-Animals/Water/Textures/Fish 4 - v2/fish 4_DefaultMaterial_BaseColor.png using Guid(a39c8f120bda3f04baec0f884fb1574e) Importer(815301076,1909f56bfc062723c751e8b465ee728b) [PhysX] Initialized MultithreadedTaskDispatcher with 4 workers.
[PhysX] Initialized MultithreadedTaskDispatcher with 4 workers.
 -> (artifact id: '2444693b472658b7563beaa55a6771ff') in 0.029954 seconds
Number of updated asset objects reloaded before import = 0
Number of asset objects unloaded after import = 2
========================================================================
Received Import Request.
  Time since last request: 0.019417 seconds.
  path: Assets/Surreal-Skyboxes/Mushroom_Demo.unity
  artifactKey: Guid(cc1ce41aa4b792d45904564431cced39) Importer(815301076,1909f56bfc062723c751e8b465ee728b)
Start importing Assets/Surreal-Skyboxes/Mushroom_Demo.unity using Guid(cc1ce41aa4b792d45904564431cced39) Importer(815301076,1909f56bfc062723c751e8b465ee728b) [PhysX] Initialized MultithreadedTaskDispatcher with 4 workers.
 -> (artifact id: 'f4224c7df61e676a1bb184dc2d59066c') in 0.003773 seconds
Number of updated asset objects reloaded before import = 0
Number of asset objects unloaded after import = 0
========================================================================
Received Import Request.
  Time since last request: 0.024723 seconds.
  path: Assets/Backrock Studios/LowPoly-Animals/Water/Textures/Fish - v2/fish1_DefaultMaterial_Roughness.png
  artifactKey: Guid(9512e1042d644034bb330424d6932d5a) Importer(815301076,1909f56bfc062723c751e8b465ee728b)
Start importing Assets/Backrock Studios/LowPoly-Animals/Water/Textures/Fish - v2/fish1_DefaultMaterial_Roughness.png using Guid(9512e1042d644034bb330424d6932d5a) Importer(815301076,1909f56bfc062723c751e8b465ee728b) [PhysX] Initialized MultithreadedTaskDispatcher with 4 workers.
[PhysX] Initialized MultithreadedTaskDispatcher with 4 workers.
 -> (artifact id: '2186a018e5706506263375ada56546bf') in 0.030128 seconds
Number of updated asset objects reloaded before import = 0
Number of asset objects unloaded after import = 2
========================================================================
Received Import Request.
  Time since last request: 0.009798 seconds.
  path: Assets/Unity UI Samples/Scenes/Drag And Drop.unity
  artifactKey: Guid(40116c4af15e1444f8e21d1de1f4678f) Importer(815301076,1909f56bfc062723c751e8b465ee728b)
Start importing Assets/Unity UI Samples/Scenes/Drag And Drop.unity using Guid(40116c4af15e1444f8e21d1de1f4678f) Importer(815301076,1909f56bfc062723c751e8b465ee728b) [PhysX] Initialized MultithreadedTaskDispatcher with 4 workers.
 -> (artifact id: '2124764a96701f9e3aa76d57797d942a') in 0.001963 seconds
Number of updated asset objects reloaded before import = 0
Number of asset objects unloaded after import = 0
========================================================================
Received Import Request.
  Time since last request: 0.032271 seconds.
  path: Assets/Backrock Studios/LowPoly-Animals/Water/Textures/Fish 5 - v2/fish 5_DefaultMaterial_BaseColor.png
  artifactKey: Guid(33a4ebebae51ca64ca7fcf69532ebd00) Importer(815301076,1909f56bfc062723c751e8b465ee728b)
Start importing Assets/Backrock Studios/LowPoly-Animals/Water/Textures/Fish 5 - v2/fish 5_DefaultMaterial_BaseColor.png using Guid(33a4ebebae51ca64ca7fcf69532ebd00) Importer(815301076,1909f56bfc062723c751e8b465ee728b) [PhysX] Initialized MultithreadedTaskDispatcher with 4 workers.
[PhysX] Initialized MultithreadedTaskDispatcher with 4 workers.
 -> (artifact id: '0ed845e35b2a4f77461627e813d8e2f4') in 0.026166 seconds
Number of updated asset objects reloaded before import = 0
Number of asset objects unloaded after import = 2
========================================================================
Received Import Request.
  Time since last request: 0.013428 seconds.
  path: Assets/Backrock Studios/LowPoly-Animals/Water/Textures/Fish - v1/fish1_DefaultMaterial_Metallic.png
  artifactKey: Guid(0d578afab8d89e9488947b2b1611f64f) Importer(815301076,1909f56bfc062723c751e8b465ee728b)
Start importing Assets/Backrock Studios/LowPoly-Animals/Water/Textures/Fish - v1/fish1_DefaultMaterial_Metallic.png using Guid(0d578afab8d89e9488947b2b1611f64f) Importer(815301076,1909f56bfc062723c751e8b465ee728b) [PhysX] Initialized MultithreadedTaskDispatcher with 4 workers.
[PhysX] Initialized MultithreadedTaskDispatcher with 4 workers.
 -> (artifact id: '56634c3635db312415ea8348c4c341d8') in 0.027819 seconds
Number of updated asset objects reloaded before import = 0
Number of asset objects unloaded after import = 2
========================================================================
Received Import Request.
  Time since last request: 0.044496 seconds.
  path: Assets/Surreal-Skyboxes/Desert_Demo.unity
  artifactKey: Guid(f6c4610e79769704cba440d25fe710d4) Importer(815301076,1909f56bfc062723c751e8b465ee728b)
Start importing Assets/Surreal-Skyboxes/Desert_Demo.unity using Guid(f6c4610e79769704cba440d25fe710d4) Importer(815301076,1909f56bfc062723c751e8b465ee728b) [PhysX] Initialized MultithreadedTaskDispatcher with 4 workers.
 -> (artifact id: '9b6d80b23b6680464537cb4edc28be3b') in 0.001885 seconds
Number of updated asset objects reloaded before import = 0
Number of asset objects unloaded after import = 0
========================================================================
Received Import Request.
  Time since last request: 0.034604 seconds.
  path: Assets/Backrock Studios/LowPoly-Animals/Water/Textures/Fish 5 - v5/fish 5_DefaultMaterial_BaseColor.png
  artifactKey: Guid(9c7a25843faee6b45af59f86096c29ad) Importer(815301076,1909f56bfc062723c751e8b465ee728b)
Start importing Assets/Backrock Studios/LowPoly-Animals/Water/Textures/Fish 5 - v5/fish 5_DefaultMaterial_BaseColor.png using Guid(9c7a25843faee6b45af59f86096c29ad) Importer(815301076,1909f56bfc062723c751e8b465ee728b) [PhysX] Initialized MultithreadedTaskDispatcher with 4 workers.
[PhysX] Initialized MultithreadedTaskDispatcher with 4 workers.
 -> (artifact id: '362648d91ca4813db84b9098a520791f') in 0.027601 seconds
Number of updated asset objects reloaded before import = 0
Number of asset objects unloaded after import = 2
========================================================================
Received Import Request.
  Time since last request: 0.010447 seconds.
  path: Assets/Jiggly Bubble Free/readme_Jiggly_Bubble_Free.txt
  artifactKey: Guid(6c9e53664d3668949904e4836239496a) Importer(815301076,1909f56bfc062723c751e8b465ee728b)
Start importing Assets/Jiggly Bubble Free/readme_Jiggly_Bubble_Free.txt using Guid(6c9e53664d3668949904e4836239496a) Importer(815301076,1909f56bfc062723c751e8b465ee728b) [PhysX] Initialized MultithreadedTaskDispatcher with 4 workers.
 -> (artifact id: 'eabbca222725656360cb120025c03403') in 0.003625 seconds
Number of updated asset objects reloaded before import = 0
Number of asset objects unloaded after import = 1
========================================================================
Received Import Request.
  Time since last request: 0.095848 seconds.
  path: Assets/Phat Phrog Studios/Ambience - Underwater Worlds/2 - Phat Phrog Studios - Underwater Ambience - 3 Minute.wav
  artifactKey: Guid(4dc9d92272b0cdd4ab408877474a6cb7) Importer(815301076,1909f56bfc062723c751e8b465ee728b)
Start importing Assets/Phat Phrog Studios/Ambience - Underwater Worlds/2 - Phat Phrog Studios - Underwater Ambience - 3 Minute.wav using Guid(4dc9d92272b0cdd4ab408877474a6cb7) Importer(815301076,1909f56bfc062723c751e8b465ee728b) [PhysX] Initialized MultithreadedTaskDispatcher with 4 workers.
[PhysX] Initialized MultithreadedTaskDispatcher with 4 workers.
 -> (artifact id: '15ddfec6e1491df8154d5d5d0331ae99') in 2.014053 seconds
Number of updated asset objects reloaded before import = 0
Number of asset objects unloaded after import = 2
========================================================================
Received Import Request.
  Time since last request: 0.005475 seconds.
  path: Assets/Backrock Studios/LowPoly-Animals/Water/Textures/Shark - v2/sharks _DefaultMaterial_Metallic.png
  artifactKey: Guid(897fc9852903d654e922fe0ace6bc74c) Importer(815301076,1909f56bfc062723c751e8b465ee728b)
Start importing Assets/Backrock Studios/LowPoly-Animals/Water/Textures/Shark - v2/sharks _DefaultMaterial_Metallic.png using Guid(897fc9852903d654e922fe0ace6bc74c) Importer(815301076,1909f56bfc062723c751e8b465ee728b) [PhysX] Initialized MultithreadedTaskDispatcher with 4 workers.
[PhysX] Initialized MultithreadedTaskDispatcher with 4 workers.
 -> (artifact id: '49727346c532b2262a67f23e0f3089d8') in 0.016091 seconds
Number of updated asset objects reloaded before import = 0
Number of asset objects unloaded after import = 2
========================================================================
Received Import Request.
  Time since last request: 0.104874 seconds.
  path: Assets/Phat Phrog Studios/Ambience - Underwater Worlds/4 - Phat Phrog Studios - Underwater Ambience - 3 Minute.wav
  artifactKey: Guid(9e3bd5f6392feaf41b5ad76319199ee1) Importer(815301076,1909f56bfc062723c751e8b465ee728b)
Start importing Assets/Phat Phrog Studios/Ambience - Underwater Worlds/4 - Phat Phrog Studios - Underwater Ambience - 3 Minute.wav using Guid(9e3bd5f6392feaf41b5ad76319199ee1) Importer(815301076,1909f56bfc062723c751e8b465ee728b) [PhysX] Initialized MultithreadedTaskDispatcher with 4 workers.
[PhysX] Initialized MultithreadedTaskDispatcher with 4 workers.
 -> (artifact id: '384e2a9da29e83ddf11855df76f1f587') in 2.018367 seconds
Number of updated asset objects reloaded before import = 0
Number of asset objects unloaded after import = 2
========================================================================
Received Import Request.
  Time since last request: 0.004462 seconds.
  path: Assets/Unity UI Samples/Animation/Settings/Open.anim
  artifactKey: Guid(8fb70f3506a535246be122751945de67) Importer(815301076,1909f56bfc062723c751e8b465ee728b)
Start importing Assets/Unity UI Samples/Animation/Settings/Open.anim using Guid(8fb70f3506a535246be122751945de67) Importer(815301076,1909f56bfc062723c751e8b465ee728b) [PhysX] Initialized MultithreadedTaskDispatcher with 4 workers.
 -> (artifact id: 'fd4b5c5a7939ef0f32a375caddd7c400') in 0.003414 seconds
Number of updated asset objects reloaded before import = 0
Number of asset objects unloaded after import = 1
========================================================================
Received Import Request.
  Time since last request: 0.059115 seconds.
  path: Assets/Surreal-Skyboxes/Textures/mushrooms_sunset.png
  artifactKey: Guid(d6f11a8c690fc134ba6a992b6802d16e) Importer(815301076,1909f56bfc062723c751e8b465ee728b)
Start importing Assets/Surreal-Skyboxes/Textures/mushrooms_sunset.png using Guid(d6f11a8c690fc134ba6a992b6802d16e) Importer(815301076,1909f56bfc062723c751e8b465ee728b) [PhysX] Initialized MultithreadedTaskDispatcher with 4 workers.
[PhysX] Initialized MultithreadedTaskDispatcher with 4 workers.
 -> (artifact id: '867c077d274b73d1c221a28e300100d3') in 0.026038 seconds
Number of updated asset objects reloaded before import = 0
Number of asset objects unloaded after import = 2
========================================================================
Received Import Request.
  Time since last request: 0.087042 seconds.
  path: Assets/Unity UI Samples/Textures and Sprites/Lit UI/DiagonalSpritesNormal.psd
  artifactKey: Guid(022a5dbc82be311428eec45125477996) Importer(815301076,1909f56bfc062723c751e8b465ee728b)
Start importing Assets/Unity UI Samples/Textures and Sprites/Lit UI/DiagonalSpritesNormal.psd using Guid(022a5dbc82be311428eec45125477996) Importer(815301076,1909f56bfc062723c751e8b465ee728b) [PhysX] Initialized MultithreadedTaskDispatcher with 4 workers.
[PhysX] Initialized MultithreadedTaskDispatcher with 4 workers.
 -> (artifact id: '8e1fc10af3c0f4f75ae43219ba860e19') in 0.029695 seconds
Number of updated asset objects reloaded before import = 0
Number of asset objects unloaded after import = 2
========================================================================
Received Import Request.
  Time since last request: 0.010890 seconds.
  path: Assets/Backrock Studios/LowPoly-Animals/Prefabs/Fish-5/fish_5_v1.prefab
  artifactKey: Guid(442218c10b108464c9170c8661ddb294) Importer(815301076,1909f56bfc062723c751e8b465ee728b)
Start importing Assets/Backrock Studios/LowPoly-Animals/Prefabs/Fish-5/fish_5_v1.prefab using Guid(442218c10b108464c9170c8661ddb294) Importer(815301076,1909f56bfc062723c751e8b465ee728b) [PhysX] Initialized MultithreadedTaskDispatcher with 4 workers.
[PhysX] Initialized MultithreadedTaskDispatcher with 4 workers.
 -> (artifact id: '0842335be350a4262a1c6d92f1dcad24') in 0.060650 seconds
Number of updated asset objects reloaded before import = 0
Number of asset objects unloaded after import = 79
========================================================================
Received Import Request.
  Time since last request: 0.094676 seconds.
  path: Assets/Surreal-Skyboxes/Textures/cyberspace.png
  artifactKey: Guid(ac3a3cc18aaef7246b000eecef99be7c) Importer(815301076,1909f56bfc062723c751e8b465ee728b)
Start importing Assets/Surreal-Skyboxes/Textures/cyberspace.png using Guid(ac3a3cc18aaef7246b000eecef99be7c) Importer(815301076,1909f56bfc062723c751e8b465ee728b) [PhysX] Initialized MultithreadedTaskDispatcher with 4 workers.
[PhysX] Initialized MultithreadedTaskDispatcher with 4 workers.
 -> (artifact id: 'a99ce148f4141a8c81eb1cfab86f89f8') in 0.051238 seconds
Number of updated asset objects reloaded before import = 0
Number of asset objects unloaded after import = 2
========================================================================
Received Import Request.
  Time since last request: 0.032029 seconds.
  path: Assets/TextMesh Pro/Sprites/EmojiOne.json
  artifactKey: Guid(8f05276190cf498a8153f6cbe761d4e6) Importer(815301076,1909f56bfc062723c751e8b465ee728b)
Start importing Assets/TextMesh Pro/Sprites/EmojiOne.json using Guid(8f05276190cf498a8153f6cbe761d4e6) Importer(815301076,1909f56bfc062723c751e8b465ee728b) [PhysX] Initialized MultithreadedTaskDispatcher with 4 workers.
 -> (artifact id: 'df0a471d95dedb7df1c55a8c8620fe9c') in 0.015648 seconds
Number of updated asset objects reloaded before import = 0
Number of asset objects unloaded after import = 1
========================================================================
Received Import Request.
  Time since last request: 0.051657 seconds.
  path: Assets/Alstra Infinite/Fish - PolyPack/Prefabs/SharkV1.prefab
  artifactKey: Guid(2fb93ff3c1250a74ca5f53a6bc162675) Importer(815301076,1909f56bfc062723c751e8b465ee728b)
Start importing Assets/Alstra Infinite/Fish - PolyPack/Prefabs/SharkV1.prefab using Guid(2fb93ff3c1250a74ca5f53a6bc162675) Importer(815301076,1909f56bfc062723c751e8b465ee728b) [PhysX] Initialized MultithreadedTaskDispatcher with 4 workers.
[PhysX] Initialized MultithreadedTaskDispatcher with 4 workers.
 -> (artifact id: 'f811a43c4f6bf352b33a4fb22703a4c9') in 0.061219 seconds
Number of updated asset objects reloaded before import = 0
Number of asset objects unloaded after import = 10
========================================================================
Received Import Request.
  Time since last request: 0.084884 seconds.
  path: Assets/Unity UI Samples/Animation/MainMenu/MainMenu.controller
  artifactKey: Guid(8ced7259e0f79b04185539c0fa69a4aa) Importer(815301076,1909f56bfc062723c751e8b465ee728b)
Start importing Assets/Unity UI Samples/Animation/MainMenu/MainMenu.controller using Guid(8ced7259e0f79b04185539c0fa69a4aa) Importer(815301076,1909f56bfc062723c751e8b465ee728b) [PhysX] Initialized MultithreadedTaskDispatcher with 4 workers.
 -> (artifact id: '7dfd16c43da53bd3bc381198e8786044') in 0.020117 seconds
Number of updated asset objects reloaded before import = 0
Number of asset objects unloaded after import = 8
========================================================================
Received Import Request.
  Time since last request: 0.009277 seconds.
  path: Assets/Unity UI Samples/Textures and Sprites/Decoration/Icon2.png
  artifactKey: Guid(fccea209f9ea7b1488225287813f4e38) Importer(815301076,1909f56bfc062723c751e8b465ee728b)
Start importing Assets/Unity UI Samples/Textures and Sprites/Decoration/Icon2.png using Guid(fccea209f9ea7b1488225287813f4e38) Importer(815301076,1909f56bfc062723c751e8b465ee728b) [PhysX] Initialized MultithreadedTaskDispatcher with 4 workers.
[PhysX] Initialized MultithreadedTaskDispatcher with 4 workers.
 -> (artifact id: '3fbb226966b01b92a49631f7fd68dd23') in 0.058831 seconds
Number of updated asset objects reloaded before import = 0
Number of asset objects unloaded after import = 3
========================================================================
Received Import Request.
  Time since last request: 0.010817 seconds.
  path: Assets/Backrock Studios/LowPoly-Animals/Water/Textures/Shark - v5/sharks _DefaultMaterial_Roughness.png
  artifactKey: Guid(595330c1b46841444a7b83843e60cbf8) Importer(815301076,1909f56bfc062723c751e8b465ee728b)
Start importing Assets/Backrock Studios/LowPoly-Animals/Water/Textures/Shark - v5/sharks _DefaultMaterial_Roughness.png using Guid(595330c1b46841444a7b83843e60cbf8) Importer(815301076,1909f56bfc062723c751e8b465ee728b) [PhysX] Initialized MultithreadedTaskDispatcher with 4 workers.
[PhysX] Initialized MultithreadedTaskDispatcher with 4 workers.
 -> (artifact id: '372022173b174eedbed66c6a92491ab5') in 0.143859 seconds
Number of updated asset objects reloaded before import = 0
Number of asset objects unloaded after import = 2
========================================================================
Received Import Request.
  Time since last request: 0.016605 seconds.
  path: Assets/Jiggly Bubble Free/Textures/bubble_soapy_sheet.png
  artifactKey: Guid(e11a2e82d23744f4bbaa2bf0d00a7dac) Importer(815301076,1909f56bfc062723c751e8b465ee728b)
Start importing Assets/Jiggly Bubble Free/Textures/bubble_soapy_sheet.png using Guid(e11a2e82d23744f4bbaa2bf0d00a7dac) Importer(815301076,1909f56bfc062723c751e8b465ee728b) [PhysX] Initialized MultithreadedTaskDispatcher with 4 workers.
[PhysX] Initialized MultithreadedTaskDispatcher with 4 workers.
 -> (artifact id: 'cb02336487ea51f8d33aba298f0f22cd') in 0.054386 seconds
Number of updated asset objects reloaded before import = 0
Number of asset objects unloaded after import = 2
========================================================================
Received Import Request.
  Time since last request: 0.012822 seconds.
  path: Assets/Unity UI Samples/Scenes/Menu 3D.unity
  artifactKey: Guid(fa0913115ac1d4fba8b9d10280f4b04d) Importer(815301076,1909f56bfc062723c751e8b465ee728b)
Start importing Assets/Unity UI Samples/Scenes/Menu 3D.unity using Guid(fa0913115ac1d4fba8b9d10280f4b04d) Importer(815301076,1909f56bfc062723c751e8b465ee728b) [PhysX] Initialized MultithreadedTaskDispatcher with 4 workers.
 -> (artifact id: '468f5de1346583f27701470e1750c851') in 0.002317 seconds
Number of updated asset objects reloaded before import = 0
Number of asset objects unloaded after import = 0
========================================================================
Received Import Request.
  Time since last request: 0.010509 seconds.
  path: Assets/GabrielAguiarProductions/FreeQuickEffectsVol1/Prefabs/vfx_Heal_02.prefab
  artifactKey: Guid(b21d155ec7ea5a349a0e36106f913148) Importer(815301076,1909f56bfc062723c751e8b465ee728b)
Start importing Assets/GabrielAguiarProductions/FreeQuickEffectsVol1/Prefabs/vfx_Heal_02.prefab using Guid(b21d155ec7ea5a349a0e36106f913148) Importer(815301076,1909f56bfc062723c751e8b465ee728b) [PhysX] Initialized MultithreadedTaskDispatcher with 4 workers.
[PhysX] Initialized MultithreadedTaskDispatcher with 4 workers.
 -> (artifact id: '2e724ea5bb94914c1f7cf691c6d6c736') in 0.064786 seconds
Number of updated asset objects reloaded before import = 0
Number of asset objects unloaded after import = 31
========================================================================
Received Import Request.
  Time since last request: 0.018758 seconds.
  path: Assets/Backrock Studios/LowPoly-Animals/Water/Fish_3/Fish_3_Animator.controller
  artifactKey: Guid(b4ad716df606fb747a19b516e55a150b) Importer(815301076,1909f56bfc062723c751e8b465ee728b)
Start importing Assets/Backrock Studios/LowPoly-Animals/Water/Fish_3/Fish_3_Animator.controller using Guid(b4ad716df606fb747a19b516e55a150b) Importer(815301076,1909f56bfc062723c751e8b465ee728b) [PhysX] Initialized MultithreadedTaskDispatcher with 4 workers.
 -> (artifact id: '37b57013349cfd7d74c50515e34357d1') in 0.007262 seconds
Number of updated asset objects reloaded before import = 0
Number of asset objects unloaded after import = 4
========================================================================
Received Import Request.
  Time since last request: 0.031741 seconds.
  path: Assets/Backrock Studios/LowPoly-Animals/Water/Textures/Fish - v5/fish1_DefaultMaterial_Emissive.png
  artifactKey: Guid(d6e392a9a77281040ba707c9554d8c54) Importer(815301076,1909f56bfc062723c751e8b465ee728b)
Start importing Assets/Backrock Studios/LowPoly-Animals/Water/Textures/Fish - v5/fish1_DefaultMaterial_Emissive.png using Guid(d6e392a9a77281040ba707c9554d8c54) Importer(815301076,1909f56bfc062723c751e8b465ee728b) [PhysX] Initialized MultithreadedTaskDispatcher with 4 workers.
[PhysX] Initialized MultithreadedTaskDispatcher with 4 workers.
 -> (artifact id: '367937d80ef052de6b6113dfe0b23277') in 0.028857 seconds
Number of updated asset objects reloaded before import = 0
Number of asset objects unloaded after import = 2
========================================================================
Received Import Request.
  Time since last request: 0.010717 seconds.
  path: Assets/Unity UI Samples/Textures and Sprites/Lit UI/BackgroundNormal.psd
  artifactKey: Guid(50ab5eea3a58b4ddeb99f0388a1d77c5) Importer(815301076,1909f56bfc062723c751e8b465ee728b)
Start importing Assets/Unity UI Samples/Textures and Sprites/Lit UI/BackgroundNormal.psd using Guid(50ab5eea3a58b4ddeb99f0388a1d77c5) Importer(815301076,1909f56bfc062723c751e8b465ee728b) [PhysX] Initialized MultithreadedTaskDispatcher with 4 workers.
[PhysX] Initialized MultithreadedTaskDispatcher with 4 workers.
 -> (artifact id: '82cbb85824e72efa40ebb5c4f00498b4') in 0.014773 seconds
Number of updated asset objects reloaded before import = 0
Number of asset objects unloaded after import = 2
========================================================================
Received Import Request.
  Time since last request: 0.010128 seconds.
  path: Assets/Backrock Studios/LowPoly-Animals/Prefabs/Fish-5/fish_5_v5.prefab
  artifactKey: Guid(67449edbf10f19545b10e7e37293115d) Importer(815301076,1909f56bfc062723c751e8b465ee728b)
Start importing Assets/Backrock Studios/LowPoly-Animals/Prefabs/Fish-5/fish_5_v5.prefab using Guid(67449edbf10f19545b10e7e37293115d) Importer(815301076,1909f56bfc062723c751e8b465ee728b) [PhysX] Initialized MultithreadedTaskDispatcher with 4 workers.
[PhysX] Initialized MultithreadedTaskDispatcher with 4 workers.
 -> (artifact id: '0bc3fe4f30f312d2ca751ca323d83429') in 0.033545 seconds
Number of updated asset objects reloaded before import = 0
Number of asset objects unloaded after import = 79
========================================================================
Received Import Request.
  Time since last request: 0.021531 seconds.
  path: Assets/Backrock Studios/LowPoly-Animals/Water/Fish_5/Fish_5_Swim.anim
  artifactKey: Guid(caa32cda48444f4489eb9efebb0fb5ec) Importer(815301076,1909f56bfc062723c751e8b465ee728b)
Start importing Assets/Backrock Studios/LowPoly-Animals/Water/Fish_5/Fish_5_Swim.anim using Guid(caa32cda48444f4489eb9efebb0fb5ec) Importer(815301076,1909f56bfc062723c751e8b465ee728b) [PhysX] Initialized MultithreadedTaskDispatcher with 4 workers.
 -> (artifact id: '806db581826f1a0c026664f521741150') in 0.009661 seconds
Number of updated asset objects reloaded before import = 0
Number of asset objects unloaded after import = 1
========================================================================
Received Import Request.
  Time since last request: 0.121959 seconds.
  path: Assets/Surreal-Skyboxes/Textures/mountains_art_sunset.png
  artifactKey: Guid(4e16dc6cac65ab64baf8332d4def7463) Importer(815301076,1909f56bfc062723c751e8b465ee728b)
Start importing Assets/Surreal-Skyboxes/Textures/mountains_art_sunset.png using Guid(4e16dc6cac65ab64baf8332d4def7463) Importer(815301076,1909f56bfc062723c751e8b465ee728b) [PhysX] Initialized MultithreadedTaskDispatcher with 4 workers.
[PhysX] Initialized MultithreadedTaskDispatcher with 4 workers.
 -> (artifact id: 'b9eb008f75a78ce895e60b3bfe410171') in 0.022842 seconds
Number of updated asset objects reloaded before import = 0
Number of asset objects unloaded after import = 2
========================================================================
Received Import Request.
  Time since last request: 0.024169 seconds.
  path: Assets/Assets/jellyfish/scene.gltf
  artifactKey: Guid(ceb0f8fae7bc9a94cb048c2d2414e083) Importer(815301076,1909f56bfc062723c751e8b465ee728b)
Start importing Assets/Assets/jellyfish/scene.gltf using Guid(ceb0f8fae7bc9a94cb048c2d2414e083) Importer(815301076,1909f56bfc062723c751e8b465ee728b) [PhysX] Initialized MultithreadedTaskDispatcher with 4 workers.
 -> (artifact id: '41d37baaa5939694497e3e5768397269') in 0.002998 seconds
Number of updated asset objects reloaded before import = 0
Number of asset objects unloaded after import = 1
========================================================================
Received Import Request.
  Time since last request: 0.035870 seconds.
  path: Assets/Backrock Studios/LowPoly-Animals/Water/Textures/Fish 4 - v3/fish 4_DefaultMaterial_BaseColor.png
  artifactKey: Guid(389342d744310d146a93bbbfec6e856e) Importer(815301076,1909f56bfc062723c751e8b465ee728b)
Start importing Assets/Backrock Studios/LowPoly-Animals/Water/Textures/Fish 4 - v3/fish 4_DefaultMaterial_BaseColor.png using Guid(389342d744310d146a93bbbfec6e856e) Importer(815301076,1909f56bfc062723c751e8b465ee728b) [PhysX] Initialized MultithreadedTaskDispatcher with 4 workers.
[PhysX] Initialized MultithreadedTaskDispatcher with 4 workers.
 -> (artifact id: '50edfbca79d99e35920d19edb6551f2c') in 0.025948 seconds
Number of updated asset objects reloaded before import = 0
Number of asset objects unloaded after import = 2
========================================================================
Received Import Request.
  Time since last request: 0.010345 seconds.
  path: Assets/Unity UI Samples/Scenes/Lighting.unity
  artifactKey: Guid(f7590198924b11e47b1b33cdd7ec91ac) Importer(815301076,1909f56bfc062723c751e8b465ee728b)
Start importing Assets/Unity UI Samples/Scenes/Lighting.unity using Guid(f7590198924b11e47b1b33cdd7ec91ac) Importer(815301076,1909f56bfc062723c751e8b465ee728b) [PhysX] Initialized MultithreadedTaskDispatcher with 4 workers.
 -> (artifact id: 'f1201d915bcd20f824b4978a452a3aee') in 0.002771 seconds
Number of updated asset objects reloaded before import = 0
Number of asset objects unloaded after import = 0
========================================================================
Received Import Request.
  Time since last request: 0.008957 seconds.
  path: Assets/Alstra Infinite/Fish - PolyPack/Prefabs/FishV3.prefab
  artifactKey: Guid(de500f6b90f89bc4c87a6585b2dea01a) Importer(815301076,1909f56bfc062723c751e8b465ee728b)
Start importing Assets/Alstra Infinite/Fish - PolyPack/Prefabs/FishV3.prefab using Guid(de500f6b90f89bc4c87a6585b2dea01a) Importer(815301076,1909f56bfc062723c751e8b465ee728b) [PhysX] Initialized MultithreadedTaskDispatcher with 4 workers.
[PhysX] Initialized MultithreadedTaskDispatcher with 4 workers.
 -> (artifact id: '41e82af7c25a6dc629d3346d5d1e1386') in 0.040420 seconds
Number of updated asset objects reloaded before import = 0
Number of asset objects unloaded after import = 10
========================================================================
Received Import Request.
  Time since last request: 0.183437 seconds.
  path: Assets/Phat Phrog Studios/Ambience - Underwater Worlds/1 - Phat Phrog Studios - Underwater Ambience - 3 Minute.wav
  artifactKey: Guid(4cac18a2a7429e14d8dc8e95ecec4d5c) Importer(815301076,1909f56bfc062723c751e8b465ee728b)
Start importing Assets/Phat Phrog Studios/Ambience - Underwater Worlds/1 - Phat Phrog Studios - Underwater Ambience - 3 Minute.wav using Guid(4cac18a2a7429e14d8dc8e95ecec4d5c) Importer(815301076,1909f56bfc062723c751e8b465ee728b) [PhysX] Initialized MultithreadedTaskDispatcher with 4 workers.
[PhysX] Initialized MultithreadedTaskDispatcher with 4 workers.
 -> (artifact id: 'c727268f69becdad6f63651c3800d8aa') in 1.141293 seconds
Number of updated asset objects reloaded before import = 0
Number of asset objects unloaded after import = 2
========================================================================
Received Import Request.
  Time since last request: 0.004282 seconds.
  path: Assets/TextMesh Pro/Shaders/TMP_SDF-Mobile Masking.shader
  artifactKey: Guid(bc1ede39bf3643ee8e493720e4259791) Importer(815301076,1909f56bfc062723c751e8b465ee728b)
Start importing Assets/TextMesh Pro/Shaders/TMP_SDF-Mobile Masking.shader using Guid(bc1ede39bf3643ee8e493720e4259791) Importer(815301076,1909f56bfc062723c751e8b465ee728b) [PhysX] Initialized MultithreadedTaskDispatcher with 4 workers.
 -> (artifact id: '0e38e2782c646d01d39200d3293a748d') in 0.002074 seconds
Number of updated asset objects reloaded before import = 0
Number of asset objects unloaded after import = 0
========================================================================
Received Import Request.
  Time since last request: 0.008266 seconds.
  path: Assets/Surreal-Skyboxes/Textures/_from_jpj_to_png.sh
  artifactKey: Guid(3adc8151f57b804469ec894b7306b572) Importer(815301076,1909f56bfc062723c751e8b465ee728b)
Start importing Assets/Surreal-Skyboxes/Textures/_from_jpj_to_png.sh using Guid(3adc8151f57b804469ec894b7306b572) Importer(815301076,1909f56bfc062723c751e8b465ee728b) [PhysX] Initialized MultithreadedTaskDispatcher with 4 workers.
 -> (artifact id: 'fb86ccafeeabb60ebcbe3a944c355326') in 0.002130 seconds
Number of updated asset objects reloaded before import = 0
Number of asset objects unloaded after import = 1
========================================================================
Received Import Request.
  Time since last request: 0.008428 seconds.
  path: Assets/Surreal-Skyboxes/Hills_Art_Demo.unity
  artifactKey: Guid(01f7985cee7cbcc4689463469794e58f) Importer(815301076,1909f56bfc062723c751e8b465ee728b)
Start importing Assets/Surreal-Skyboxes/Hills_Art_Demo.unity using Guid(01f7985cee7cbcc4689463469794e58f) Importer(815301076,1909f56bfc062723c751e8b465ee728b) [PhysX] Initialized MultithreadedTaskDispatcher with 4 workers.
 -> (artifact id: 'b24ec5552d75ccfe14eb592b46cffae9') in 0.001814 seconds
Number of updated asset objects reloaded before import = 0
Number of asset objects unloaded after import = 0
========================================================================
Received Import Request.
  Time since last request: 0.028657 seconds.
  path: Assets/Backrock Studios/LowPoly-Animals/Water/Textures/Fish 6 - v4/fish 6_DefaultMaterial_BaseColor.png
  artifactKey: Guid(f491b4c28bb149c4ba0ba69a44987957) Importer(815301076,1909f56bfc062723c751e8b465ee728b)
Start importing Assets/Backrock Studios/LowPoly-Animals/Water/Textures/Fish 6 - v4/fish 6_DefaultMaterial_BaseColor.png using Guid(f491b4c28bb149c4ba0ba69a44987957) Importer(815301076,1909f56bfc062723c751e8b465ee728b) [PhysX] Initialized MultithreadedTaskDispatcher with 4 workers.
[PhysX] Initialized MultithreadedTaskDispatcher with 4 workers.
 -> (artifact id: 'eee3907a286444c0b46a56e5ad607e66') in 0.020882 seconds
Number of updated asset objects reloaded before import = 0
Number of asset objects unloaded after import = 2
========================================================================
Received Import Request.
  Time since last request: 0.014045 seconds.
  path: Assets/Backrock Studios/LowPoly-Animals/Water/Textures/Shark - v4/sharks _DefaultMaterial_BaseColor.png
  artifactKey: Guid(e7ae8953a313c2046aca27194f378387) Importer(815301076,1909f56bfc062723c751e8b465ee728b)
Start importing Assets/Backrock Studios/LowPoly-Animals/Water/Textures/Shark - v4/sharks _DefaultMaterial_BaseColor.png using Guid(e7ae8953a313c2046aca27194f378387) Importer(815301076,1909f56bfc062723c751e8b465ee728b) [PhysX] Initialized MultithreadedTaskDispatcher with 4 workers.
[PhysX] Initialized MultithreadedTaskDispatcher with 4 workers.
 -> (artifact id: '961fdec96e51817e5bbb4eb4ec3aa02c') in 0.021888 seconds
Number of updated asset objects reloaded before import = 0
Number of asset objects unloaded after import = 2
========================================================================
Received Import Request.
  Time since last request: 0.023672 seconds.
  path: Assets/Backrock Studios/LowPoly-Animals/Water/Textures/Shark - v4/sharks _DefaultMaterial_Emissive.png
  artifactKey: Guid(5b2a3e62e6d034343a99059703710b16) Importer(815301076,1909f56bfc062723c751e8b465ee728b)
Start importing Assets/Backrock Studios/LowPoly-Animals/Water/Textures/Shark - v4/sharks _DefaultMaterial_Emissive.png using Guid(5b2a3e62e6d034343a99059703710b16) Importer(815301076,1909f56bfc062723c751e8b465ee728b) [PhysX] Initialized MultithreadedTaskDispatcher with 4 workers.
[PhysX] Initialized MultithreadedTaskDispatcher with 4 workers.
 -> (artifact id: '29f10cd1ef1b7a026c5952b3d06a34f5') in 0.061037 seconds
Number of updated asset objects reloaded before import = 0
Number of asset objects unloaded after import = 2
========================================================================
Received Import Request.
  Time since last request: 0.014224 seconds.
  path: Assets/Backrock Studios/LowPoly-Animals/Water/Textures/Fish 2 - v5/fish 2_Material.001_BaseColor.png
  artifactKey: Guid(5d1ddf42dccc8674f80fd8d3e576ce78) Importer(815301076,1909f56bfc062723c751e8b465ee728b)
Start importing Assets/Backrock Studios/LowPoly-Animals/Water/Textures/Fish 2 - v5/fish 2_Material.001_BaseColor.png using Guid(5d1ddf42dccc8674f80fd8d3e576ce78) Importer(815301076,1909f56bfc062723c751e8b465ee728b) [PhysX] Initialized MultithreadedTaskDispatcher with 4 workers.
[PhysX] Initialized MultithreadedTaskDispatcher with 4 workers.
 -> (artifact id: '7732d62a5d1fe35bf2cf621478c582ac') in 0.045571 seconds
Number of updated asset objects reloaded before import = 0
Number of asset objects unloaded after import = 2
========================================================================
Received Import Request.
  Time since last request: 0.025951 seconds.
  path: Assets/Unity UI Samples/Animation/Rotation.anim
  artifactKey: Guid(13d48294147f7454e9ca4e4d075bcd04) Importer(815301076,1909f56bfc062723c751e8b465ee728b)
Start importing Assets/Unity UI Samples/Animation/Rotation.anim using Guid(13d48294147f7454e9ca4e4d075bcd04) Importer(815301076,1909f56bfc062723c751e8b465ee728b) [PhysX] Initialized MultithreadedTaskDispatcher with 4 workers.
 -> (artifact id: '799c5f9d2958b7ccca151d1eb81dc8eb') in 0.041571 seconds
Number of updated asset objects reloaded before import = 0
Number of asset objects unloaded after import = 1
========================================================================
Received Import Request.
  Time since last request: 0.034501 seconds.
  path: Assets/Unity UI Samples/Textures and Sprites/Decoration/Icon1.png
  artifactKey: Guid(be0d6a45537a1a64e9e6c4ce47a2d58a) Importer(815301076,1909f56bfc062723c751e8b465ee728b)
Start importing Assets/Unity UI Samples/Textures and Sprites/Decoration/Icon1.png using Guid(be0d6a45537a1a64e9e6c4ce47a2d58a) Importer(815301076,1909f56bfc062723c751e8b465ee728b) [PhysX] Initialized MultithreadedTaskDispatcher with 4 workers.
[PhysX] Initialized MultithreadedTaskDispatcher with 4 workers.
 -> (artifact id: 'e324bf843a5ef8cb95676173f838c768') in 0.086618 seconds
Number of updated asset objects reloaded before import = 0
Number of asset objects unloaded after import = 3
========================================================================
Received Import Request.
  Time since last request: 0.013582 seconds.
  path: Assets/Unity UI Samples/Textures and Sprites/Lit UI/KnobNormal.psd
  artifactKey: Guid(38a596ccbd20144369ac06fcbc2ce118) Importer(815301076,1909f56bfc062723c751e8b465ee728b)
Start importing Assets/Unity UI Samples/Textures and Sprites/Lit UI/KnobNormal.psd using Guid(38a596ccbd20144369ac06fcbc2ce118) Importer(815301076,1909f56bfc062723c751e8b465ee728b) [PhysX] Initialized MultithreadedTaskDispatcher with 4 workers.
[PhysX] Initialized MultithreadedTaskDispatcher with 4 workers.
 -> (artifact id: 'ffd607e21437576da5dacc880d330f1f') in 0.029000 seconds
Number of updated asset objects reloaded before import = 0
Number of asset objects unloaded after import = 2
========================================================================
Received Import Request.
  Time since last request: 0.018957 seconds.
  path: Assets/Backrock Studios/LowPoly-Animals/Water/Textures/Fish - v3/fish1_DefaultMaterial_Normal.png
  artifactKey: Guid(3b2ebf851aa1d354eab904ed1c3b4637) Importer(815301076,1909f56bfc062723c751e8b465ee728b)
Start importing Assets/Backrock Studios/LowPoly-Animals/Water/Textures/Fish - v3/fish1_DefaultMaterial_Normal.png using Guid(3b2ebf851aa1d354eab904ed1c3b4637) Importer(815301076,1909f56bfc062723c751e8b465ee728b) [PhysX] Initialized MultithreadedTaskDispatcher with 4 workers.
[PhysX] Initialized MultithreadedTaskDispatcher with 4 workers.
 -> (artifact id: '91a5116b69fba03905a64bb52a9dea4e') in 0.038456 seconds
Number of updated asset objects reloaded before import = 0
Number of asset objects unloaded after import = 2
========================================================================
Received Import Request.
  Time since last request: 0.011422 seconds.
  path: Assets/Unity UI Samples/Textures and Sprites/Decoration/DottedRoundedRect.psd
  artifactKey: Guid(2b4a1682166e4434e8ee7c6f47115b43) Importer(815301076,1909f56bfc062723c751e8b465ee728b)
Start importing Assets/Unity UI Samples/Textures and Sprites/Decoration/DottedRoundedRect.psd using Guid(2b4a1682166e4434e8ee7c6f47115b43) Importer(815301076,1909f56bfc062723c751e8b465ee728b) [PhysX] Initialized MultithreadedTaskDispatcher with 4 workers.
[PhysX] Initialized MultithreadedTaskDispatcher with 4 workers.
 -> (artifact id: '97367b0e5d66ce665e49891a3e328b51') in 0.021909 seconds
Number of updated asset objects reloaded before import = 0
Number of asset objects unloaded after import = 3
========================================================================
Received Import Request.
  Time since last request: 0.025601 seconds.
  path: Assets/Backrock Studios/LowPoly-Animals/Prefabs/Fish-5/fish_5_v4.prefab
  artifactKey: Guid(e15625699a2f1cc43ab426e7210b380d) Importer(815301076,1909f56bfc062723c751e8b465ee728b)
Start importing Assets/Backrock Studios/LowPoly-Animals/Prefabs/Fish-5/fish_5_v4.prefab using Guid(e15625699a2f1cc43ab426e7210b380d) Importer(815301076,1909f56bfc062723c751e8b465ee728b) [PhysX] Initialized MultithreadedTaskDispatcher with 4 workers.
[PhysX] Initialized MultithreadedTaskDispatcher with 4 workers.
 -> (artifact id: '019967e48c3459880a285540a3a678b5') in 0.071206 seconds
Number of updated asset objects reloaded before import = 0
Number of asset objects unloaded after import = 79
========================================================================
Received Import Request.
  Time since last request: 0.025392 seconds.
  path: Assets/Backrock Studios/LowPoly-Animals/Prefabs/Shark/Shark_v3.prefab
  artifactKey: Guid(226861127b186134ca18b8bd776b5102) Importer(815301076,1909f56bfc062723c751e8b465ee728b)
Start importing Assets/Backrock Studios/LowPoly-Animals/Prefabs/Shark/Shark_v3.prefab using Guid(226861127b186134ca18b8bd776b5102) Importer(815301076,1909f56bfc062723c751e8b465ee728b) [PhysX] Initialized MultithreadedTaskDispatcher with 4 workers.
[PhysX] Initialized MultithreadedTaskDispatcher with 4 workers.
 -> (artifact id: 'b71545c4a0d7718d048f2955b1ac246a') in 0.071292 seconds
Number of updated asset objects reloaded before import = 0
Number of asset objects unloaded after import = 69
========================================================================
Received Import Request.
  Time since last request: 0.011776 seconds.
  path: Assets/Backrock Studios/LowPoly-Animals/Prefabs/Fish-6/Fish_6_v2.prefab
  artifactKey: Guid(24df35fe4fc5c37468b8278d488edebe) Importer(815301076,1909f56bfc062723c751e8b465ee728b)
Start importing Assets/Backrock Studios/LowPoly-Animals/Prefabs/Fish-6/Fish_6_v2.prefab using Guid(24df35fe4fc5c37468b8278d488edebe) Importer(815301076,1909f56bfc062723c751e8b465ee728b) [PhysX] Initialized MultithreadedTaskDispatcher with 4 workers.
[PhysX] Initialized MultithreadedTaskDispatcher with 4 workers.
 -> (artifact id: '800205bb875d97b3585d82539f7c8219') in 0.056996 seconds
Number of updated asset objects reloaded before import = 0
Number of asset objects unloaded after import = 181
========================================================================
Received Import Request.
  Time since last request: 0.019287 seconds.
  path: Assets/Unity UI Samples/Textures and Sprites/Lit UI/White.psd
  artifactKey: Guid(5d5b9ba23399f4d4f8de62cb70b9440f) Importer(815301076,1909f56bfc062723c751e8b465ee728b)
Start importing Assets/Unity UI Samples/Textures and Sprites/Lit UI/White.psd using Guid(5d5b9ba23399f4d4f8de62cb70b9440f) Importer(815301076,1909f56bfc062723c751e8b465ee728b) [PhysX] Initialized MultithreadedTaskDispatcher with 4 workers.
[PhysX] Initialized MultithreadedTaskDispatcher with 4 workers.
 -> (artifact id: 'b268d0cc7c37fc6a3eaee0cb9af91d1b') in 0.029602 seconds
Number of updated asset objects reloaded before import = 0
Number of asset objects unloaded after import = 2
========================================================================
Received Import Request.
  Time since last request: 0.012121 seconds.
  path: Assets/Backrock Studios/LowPoly-Animals/Water/Textures/Fish - v1/fish1_DefaultMaterial_BaseColor.png
  artifactKey: Guid(67811361e6f27b24f95dbfcdaa9eb779) Importer(815301076,1909f56bfc062723c751e8b465ee728b)
Start importing Assets/Backrock Studios/LowPoly-Animals/Water/Textures/Fish - v1/fish1_DefaultMaterial_BaseColor.png using Guid(67811361e6f27b24f95dbfcdaa9eb779) Importer(815301076,1909f56bfc062723c751e8b465ee728b) [PhysX] Initialized MultithreadedTaskDispatcher with 4 workers.
[PhysX] Initialized MultithreadedTaskDispatcher with 4 workers.
 -> (artifact id: '9550fbcc1d117ea8800f7f669f81c6ad') in 0.026596 seconds
Number of updated asset objects reloaded before import = 0
Number of asset objects unloaded after import = 2
========================================================================
Received Import Request.
  Time since last request: 0.021819 seconds.
  path: Assets/GabrielAguiarProductions/FreeQuickEffectsVol1/Prefabs/vfx_Shockwave_01.prefab
  artifactKey: Guid(82066d902ed0dd6488ddfd32eb994801) Importer(815301076,1909f56bfc062723c751e8b465ee728b)
Start importing Assets/GabrielAguiarProductions/FreeQuickEffectsVol1/Prefabs/vfx_Shockwave_01.prefab using Guid(82066d902ed0dd6488ddfd32eb994801) Importer(815301076,1909f56bfc062723c751e8b465ee728b) [PhysX] Initialized MultithreadedTaskDispatcher with 4 workers.
[PhysX] Initialized MultithreadedTaskDispatcher with 4 workers.
 -> (artifact id: 'b34da03335c0ac2802cd7114005b7d29') in 0.032320 seconds
Number of updated asset objects reloaded before import = 0
Number of asset objects unloaded after import = 14
========================================================================
Received Import Request.
  Time since last request: 0.047252 seconds.
  path: Assets/Backrock Studios/LowPoly-Animals/Water/Fish_2/Fish_2_Swim_clip.anim
  artifactKey: Guid(b52cfb09295d68d44950b25ac7d841ea) Importer(815301076,1909f56bfc062723c751e8b465ee728b)
Start importing Assets/Backrock Studios/LowPoly-Animals/Water/Fish_2/Fish_2_Swim_clip.anim using Guid(b52cfb09295d68d44950b25ac7d841ea) Importer(815301076,1909f56bfc062723c751e8b465ee728b) [PhysX] Initialized MultithreadedTaskDispatcher with 4 workers.
 -> (artifact id: '2f57f071affc9ff6d5e6a9bae07f6f02') in 0.005637 seconds
Number of updated asset objects reloaded before import = 0
Number of asset objects unloaded after import = 1
========================================================================
Received Import Request.
  Time since last request: 0.009657 seconds.
  path: Assets/TextMesh Pro/Documentation/TextMesh Pro User Guide 2016.pdf
  artifactKey: Guid(1b8d251f9af63b746bf2f7ffe00ebb9b) Importer(815301076,1909f56bfc062723c751e8b465ee728b)
Start importing Assets/TextMesh Pro/Documentation/TextMesh Pro User Guide 2016.pdf using Guid(1b8d251f9af63b746bf2f7ffe00ebb9b) Importer(815301076,1909f56bfc062723c751e8b465ee728b) [PhysX] Initialized MultithreadedTaskDispatcher with 4 workers.
 -> (artifact id: '57a27060c29fba65670700a19a5b9cf1') in 0.001829 seconds
Number of updated asset objects reloaded before import = 0
Number of asset objects unloaded after import = 1
========================================================================
Received Import Request.
  Time since last request: 0.017182 seconds.
  path: Assets/Unity UI Samples/Textures and Sprites/Rounded UI/UIButtonDefault.png
  artifactKey: Guid(967c7b47090d34cf090c40749e45f0b4) Importer(815301076,1909f56bfc062723c751e8b465ee728b)
Start importing Assets/Unity UI Samples/Textures and Sprites/Rounded UI/UIButtonDefault.png using Guid(967c7b47090d34cf090c40749e45f0b4) Importer(815301076,1909f56bfc062723c751e8b465ee728b) [PhysX] Initialized MultithreadedTaskDispatcher with 4 workers.
[PhysX] Initialized MultithreadedTaskDispatcher with 4 workers.
 -> (artifact id: 'adc966fd178418aec9721d797c49b0bd') in 0.028819 seconds
Number of updated asset objects reloaded before import = 0
Number of asset objects unloaded after import = 3
========================================================================
Received Import Request.
  Time since last request: 0.009836 seconds.
  path: Assets/Backrock Studios/LowPoly-Animals/Water/Fish_1/Fish_1_Swim_clip.anim
  artifactKey: Guid(714ed481ce5a9084183af7786ebb02c6) Importer(815301076,1909f56bfc062723c751e8b465ee728b)
Start importing Assets/Backrock Studios/LowPoly-Animals/Water/Fish_1/Fish_1_Swim_clip.anim using Guid(714ed481ce5a9084183af7786ebb02c6) Importer(815301076,1909f56bfc062723c751e8b465ee728b) [PhysX] Initialized MultithreadedTaskDispatcher with 4 workers.
 -> (artifact id: '8ec2f0f59bcea71fa4f6298f291f1444') in 0.010243 seconds
Number of updated asset objects reloaded before import = 0
Number of asset objects unloaded after import = 1
========================================================================
Received Import Request.
  Time since last request: 0.016350 seconds.
  path: Assets/Backrock Studios/LowPoly-Animals/Water/Textures/Tortoise - v1/tortoise_Solid_BaseColor.png
  artifactKey: Guid(478d815dad9fead40b0f35412f0c7d7c) Importer(815301076,1909f56bfc062723c751e8b465ee728b)
Start importing Assets/Backrock Studios/LowPoly-Animals/Water/Textures/Tortoise - v1/tortoise_Solid_BaseColor.png using Guid(478d815dad9fead40b0f35412f0c7d7c) Importer(815301076,1909f56bfc062723c751e8b465ee728b) [PhysX] Initialized MultithreadedTaskDispatcher with 4 workers.
[PhysX] Initialized MultithreadedTaskDispatcher with 4 workers.
 -> (artifact id: 'ea922350ffc83b8579cae742d825e340') in 0.034909 seconds
Number of updated asset objects reloaded before import = 0
Number of asset objects unloaded after import = 2
========================================================================
Received Import Request.
  Time since last request: 0.019946 seconds.
  path: Assets/Surreal-Skyboxes/Forest_Night_Demo.unity
  artifactKey: Guid(8f1393212aa946e48861e651a08a28b7) Importer(815301076,1909f56bfc062723c751e8b465ee728b)
Start importing Assets/Surreal-Skyboxes/Forest_Night_Demo.unity using Guid(8f1393212aa946e48861e651a08a28b7) Importer(815301076,1909f56bfc062723c751e8b465ee728b) [PhysX] Initialized MultithreadedTaskDispatcher with 4 workers.
 -> (artifact id: '783eabd447d47c32e7dad1eeae0e912a') in 0.005077 seconds
Number of updated asset objects reloaded before import = 0
Number of asset objects unloaded after import = 0
========================================================================
Received Import Request.
  Time since last request: 0.033215 seconds.
  path: Assets/Backrock Studios/LowPoly-Animals/Water/Textures/Shark - v1/sharks _DefaultMaterial_Roughness.png
  artifactKey: Guid(f319348b6dccd2249b6850224eb0aba1) Importer(815301076,1909f56bfc062723c751e8b465ee728b)
Start importing Assets/Backrock Studios/LowPoly-Animals/Water/Textures/Shark - v1/sharks _DefaultMaterial_Roughness.png using Guid(f319348b6dccd2249b6850224eb0aba1) Importer(815301076,1909f56bfc062723c751e8b465ee728b) [PhysX] Initialized MultithreadedTaskDispatcher with 4 workers.
[PhysX] Initialized MultithreadedTaskDispatcher with 4 workers.
 -> (artifact id: '3a4e9a4fa2629db008ba947c35bc0940') in 0.033400 seconds
Number of updated asset objects reloaded before import = 0
Number of asset objects unloaded after import = 2
========================================================================
Received Import Request.
  Time since last request: 0.012403 seconds.
  path: Assets/Backrock Studios/LowPoly-Animals/Water/Textures/Fish - v5/fish1_DefaultMaterial_Metallic.png
  artifactKey: Guid(217b88ae27922db489a5cbe8df9a33a4) Importer(815301076,1909f56bfc062723c751e8b465ee728b)
Start importing Assets/Backrock Studios/LowPoly-Animals/Water/Textures/Fish - v5/fish1_DefaultMaterial_Metallic.png using Guid(217b88ae27922db489a5cbe8df9a33a4) Importer(815301076,1909f56bfc062723c751e8b465ee728b) [PhysX] Initialized MultithreadedTaskDispatcher with 4 workers.
[PhysX] Initialized MultithreadedTaskDispatcher with 4 workers.
 -> (artifact id: 'e2500a12b6b00a2bdd4224ad0cf1044e') in 0.044027 seconds
Number of updated asset objects reloaded before import = 0
Number of asset objects unloaded after import = 2
========================================================================
Received Import Request.
  Time since last request: 0.057173 seconds.
  path: Assets/Surreal-Skyboxes/Textures/mountains.png
  artifactKey: Guid(c1b3f05ec067f72458eacb8c7634db29) Importer(815301076,1909f56bfc062723c751e8b465ee728b)
Start importing Assets/Surreal-Skyboxes/Textures/mountains.png using Guid(c1b3f05ec067f72458eacb8c7634db29) Importer(815301076,1909f56bfc062723c751e8b465ee728b) [PhysX] Initialized MultithreadedTaskDispatcher with 4 workers.
[PhysX] Initialized MultithreadedTaskDispatcher with 4 workers.
 -> (artifact id: '52c65e067118e5e9eedbba30f27bc75d') in 0.028656 seconds
Number of updated asset objects reloaded before import = 0
Number of asset objects unloaded after import = 2
========================================================================
Received Import Request.
  Time since last request: 0.047990 seconds.
  path: Assets/Backrock Studios/LowPoly-Animals/Water/Fish_6/Fish_6_Swim.anim
  artifactKey: Guid(b8363eb9e3143c74ba9b262f121a3916) Importer(815301076,1909f56bfc062723c751e8b465ee728b)
Start importing Assets/Backrock Studios/LowPoly-Animals/Water/Fish_6/Fish_6_Swim.anim using Guid(b8363eb9e3143c74ba9b262f121a3916) Importer(815301076,1909f56bfc062723c751e8b465ee728b) [PhysX] Initialized MultithreadedTaskDispatcher with 4 workers.
 -> (artifact id: '6c70f259aa26f08311f409d01e95fe54') in 0.010500 seconds
Number of updated asset objects reloaded before import = 0
Number of asset objects unloaded after import = 1
========================================================================
Received Import Request.
  Time since last request: 0.008802 seconds.
  path: Assets/Unity UI Samples/Scenes/Layout Groups.unity
  artifactKey: Guid(13b46e70f240943ccb1f2665a779f3a6) Importer(815301076,1909f56bfc062723c751e8b465ee728b)
Start importing Assets/Unity UI Samples/Scenes/Layout Groups.unity using Guid(13b46e70f240943ccb1f2665a779f3a6) Importer(815301076,1909f56bfc062723c751e8b465ee728b) [PhysX] Initialized MultithreadedTaskDispatcher with 4 workers.
 -> (artifact id: 'c33087655c6ae3bd3186d73e483ab1bc') in 0.001449 seconds
Number of updated asset objects reloaded before import = 0
Number of asset objects unloaded after import = 0
========================================================================
Received Import Request.
  Time since last request: 0.022012 seconds.
  path: Assets/Backrock Studios/LowPoly-Animals/Water/Textures/Fish 4 - v5/fish 4_DefaultMaterial_BaseColor.png
  artifactKey: Guid(f2c04c1eb8436e44cbd32cfe6174b764) Importer(815301076,1909f56bfc062723c751e8b465ee728b)
Start importing Assets/Backrock Studios/LowPoly-Animals/Water/Textures/Fish 4 - v5/fish 4_DefaultMaterial_BaseColor.png using Guid(f2c04c1eb8436e44cbd32cfe6174b764) Importer(815301076,1909f56bfc062723c751e8b465ee728b) [PhysX] Initialized MultithreadedTaskDispatcher with 4 workers.
[PhysX] Initialized MultithreadedTaskDispatcher with 4 workers.
 -> (artifact id: '67fb2510e183f9392cbb54b42be30d91') in 0.028787 seconds
Number of updated asset objects reloaded before import = 0
Number of asset objects unloaded after import = 2
========================================================================
Received Import Request.
  Time since last request: 0.012635 seconds.
  path: Assets/GabrielAguiarProductions/FreeQuickEffectsVol1/Prefabs/vfx_LootDrop_01.prefab
  artifactKey: Guid(7d39067bead4bc14aa0b451564aa5198) Importer(815301076,1909f56bfc062723c751e8b465ee728b)
Start importing Assets/GabrielAguiarProductions/FreeQuickEffectsVol1/Prefabs/vfx_LootDrop_01.prefab using Guid(7d39067bead4bc14aa0b451564aa5198) Importer(815301076,1909f56bfc062723c751e8b465ee728b) [PhysX] Initialized MultithreadedTaskDispatcher with 4 workers.
[PhysX] Initialized MultithreadedTaskDispatcher with 4 workers.
 -> (artifact id: '01790aa8a85ec6f26c83419ba4175aec') in 0.025284 seconds
Number of updated asset objects reloaded before import = 0
Number of asset objects unloaded after import = 24
========================================================================
Received Import Request.
  Time since last request: 0.088820 seconds.
  path: Assets/Backrock Studios/LowPoly-Animals/Water/Textures/Fish 2 - v1/fish 2_Material.001_BaseColor.png
  artifactKey: Guid(cdfc94047242ed444a9131d3af93c38a) Importer(815301076,1909f56bfc062723c751e8b465ee728b)
Start importing Assets/Backrock Studios/LowPoly-Animals/Water/Textures/Fish 2 - v1/fish 2_Material.001_BaseColor.png using Guid(cdfc94047242ed444a9131d3af93c38a) Importer(815301076,1909f56bfc062723c751e8b465ee728b) [PhysX] Initialized MultithreadedTaskDispatcher with 4 workers.
[PhysX] Initialized MultithreadedTaskDispatcher with 4 workers.
 -> (artifact id: '30cae58fde3ba515d1ec3f61f72148d8') in 0.025595 seconds
Number of updated asset objects reloaded before import = 0
Number of asset objects unloaded after import = 2
========================================================================
Received Import Request.
  Time since last request: 0.010004 seconds.
  path: Assets/Surreal-Skyboxes/Hills_Art_Sunset_Demo.unity
  artifactKey: Guid(93286eeb2ac134e498f91d199a569a17) Importer(815301076,1909f56bfc062723c751e8b465ee728b)
Start importing Assets/Surreal-Skyboxes/Hills_Art_Sunset_Demo.unity using Guid(93286eeb2ac134e498f91d199a569a17) Importer(815301076,1909f56bfc062723c751e8b465ee728b) [PhysX] Initialized MultithreadedTaskDispatcher with 4 workers.
 -> (artifact id: 'f5c8a69970cdab3381e6eaed74aebfe5') in 0.001381 seconds
Number of updated asset objects reloaded before import = 0
Number of asset objects unloaded after import = 0
========================================================================
Received Import Request.
  Time since last request: 0.008377 seconds.
  path: Assets/Unity UI Samples/Prefabs/SF Scene Elements.prefab
  artifactKey: Guid(7461a7b0cf97947fd9b9e4502fd2d07b) Importer(815301076,1909f56bfc062723c751e8b465ee728b)
Start importing Assets/Unity UI Samples/Prefabs/SF Scene Elements.prefab using Guid(7461a7b0cf97947fd9b9e4502fd2d07b) Importer(815301076,1909f56bfc062723c751e8b465ee728b) [PhysX] Initialized MultithreadedTaskDispatcher with 4 workers.
[PhysX] Initialized MultithreadedTaskDispatcher with 4 workers.
 -> (artifact id: '1c468f8de2ca8a48a2aa8bea85f8ee29') in 0.057492 seconds
Number of updated asset objects reloaded before import = 0
Number of asset objects unloaded after import = 19
========================================================================
Received Import Request.
  Time since last request: 0.010454 seconds.
  path: Assets/Backrock Studios/LowPoly-Animals/Water/Textures/Fish - v2/fish1_DefaultMaterial_Emissive.png
  artifactKey: Guid(2da7f9511ffd19a4f95a0957b3c8044c) Importer(815301076,1909f56bfc062723c751e8b465ee728b)
Start importing Assets/Backrock Studios/LowPoly-Animals/Water/Textures/Fish - v2/fish1_DefaultMaterial_Emissive.png using Guid(2da7f9511ffd19a4f95a0957b3c8044c) Importer(815301076,1909f56bfc062723c751e8b465ee728b) [PhysX] Initialized MultithreadedTaskDispatcher with 4 workers.
[PhysX] Initialized MultithreadedTaskDispatcher with 4 workers.
 -> (artifact id: '8ae3badb30079661d63a84e483d29c05') in 0.014311 seconds
Number of updated asset objects reloaded before import = 0
Number of asset objects unloaded after import = 2
========================================================================
Received Import Request.
  Time since last request: 0.009160 seconds.
  path: Assets/Unity UI Samples/Animation/SF Button.controller
  artifactKey: Guid(c454080d636f840038dc8f37941751b3) Importer(815301076,1909f56bfc062723c751e8b465ee728b)
Start importing Assets/Unity UI Samples/Animation/SF Button.controller using Guid(c454080d636f840038dc8f37941751b3) Importer(815301076,1909f56bfc062723c751e8b465ee728b) [PhysX] Initialized MultithreadedTaskDispatcher with 4 workers.
 -> (artifact id: '1822119f1474cec4f35f18040a9fbfbf') in 0.013409 seconds
Number of updated asset objects reloaded before import = 0
Number of asset objects unloaded after import = 17
========================================================================
Received Import Request.
  Time since last request: 0.043054 seconds.
  path: Assets/Surreal-Skyboxes/Textures/hills_art.png
  artifactKey: Guid(98030ee2070d1f040a6a59264ad67e4d) Importer(815301076,1909f56bfc062723c751e8b465ee728b)
Start importing Assets/Surreal-Skyboxes/Textures/hills_art.png using Guid(98030ee2070d1f040a6a59264ad67e4d) Importer(815301076,1909f56bfc062723c751e8b465ee728b) [PhysX] Initialized MultithreadedTaskDispatcher with 4 workers.
[PhysX] Initialized MultithreadedTaskDispatcher with 4 workers.
 -> (artifact id: 'c817d48efe8291ef55d2dd456d1c977b') in 0.015965 seconds
Number of updated asset objects reloaded before import = 0
Number of asset objects unloaded after import = 2
========================================================================
Received Import Request.
  Time since last request: 0.020124 seconds.
  path: Assets/Backrock Studios/LowPoly-Animals/Water/Textures/Dolphin-v1/dolphin_lambert1_BaseColor.png
  artifactKey: Guid(107030b9812d08741ae5210cf224b9e4) Importer(815301076,1909f56bfc062723c751e8b465ee728b)
Start importing Assets/Backrock Studios/LowPoly-Animals/Water/Textures/Dolphin-v1/dolphin_lambert1_BaseColor.png using Guid(107030b9812d08741ae5210cf224b9e4) Importer(815301076,1909f56bfc062723c751e8b465ee728b) [PhysX] Initialized MultithreadedTaskDispatcher with 4 workers.
[PhysX] Initialized MultithreadedTaskDispatcher with 4 workers.
 -> (artifact id: 'c2525210e88e89362f2e29432d6f91de') in 0.030304 seconds
Number of updated asset objects reloaded before import = 0
Number of asset objects unloaded after import = 2
========================================================================
Received Import Request.
  Time since last request: 0.009564 seconds.
  path: Assets/Backrock Studios/LowPoly-Animals/Water/Textures/Shark - v5/sharks _DefaultMaterial_Metallic.png
  artifactKey: Guid(42331deda1674a94a824ff399ab9cff5) Importer(815301076,1909f56bfc062723c751e8b465ee728b)
Start importing Assets/Backrock Studios/LowPoly-Animals/Water/Textures/Shark - v5/sharks _DefaultMaterial_Metallic.png using Guid(42331deda1674a94a824ff399ab9cff5) Importer(815301076,1909f56bfc062723c751e8b465ee728b) [PhysX] Initialized MultithreadedTaskDispatcher with 4 workers.
[PhysX] Initialized MultithreadedTaskDispatcher with 4 workers.
 -> (artifact id: '6d8acf6947f2cf62bc9cdacd2d0fd941') in 0.012996 seconds
Number of updated asset objects reloaded before import = 0
Number of asset objects unloaded after import = 2
========================================================================
Received Import Request.
  Time since last request: 0.018499 seconds.
  path: Assets/Surreal-Skyboxes/Artic_Demo.unity
  artifactKey: Guid(f24c487efb14f8b43b3fd214df0fe8c1) Importer(815301076,1909f56bfc062723c751e8b465ee728b)
Start importing Assets/Surreal-Skyboxes/Artic_Demo.unity using Guid(f24c487efb14f8b43b3fd214df0fe8c1) Importer(815301076,1909f56bfc062723c751e8b465ee728b) [PhysX] Initialized MultithreadedTaskDispatcher with 4 workers.
 -> (artifact id: 'b8966d78f90cf7e7e3d7e3895cc038f2') in 0.001802 seconds
Number of updated asset objects reloaded before import = 0
Number of asset objects unloaded after import = 0
========================================================================
Received Import Request.
  Time since last request: 0.008628 seconds.
  path: Assets/Surreal-Skyboxes/Desert_Sunset_Demo.unity
  artifactKey: Guid(e2826209eb25e4b49bdd99b049919cbb) Importer(815301076,1909f56bfc062723c751e8b465ee728b)
Start importing Assets/Surreal-Skyboxes/Desert_Sunset_Demo.unity using Guid(e2826209eb25e4b49bdd99b049919cbb) Importer(815301076,1909f56bfc062723c751e8b465ee728b) [PhysX] Initialized MultithreadedTaskDispatcher with 4 workers.
 -> (artifact id: '8c6f53e1043abc2808fa49ce3cf74692') in 0.001636 seconds
Number of updated asset objects reloaded before import = 0
Number of asset objects unloaded after import = 0
========================================================================
Received Import Request.
  Time since last request: 0.009564 seconds.
  path: Assets/Backrock Studios/LowPoly-Animals/Water/Textures/Fish 5 - v1/fish 5_DefaultMaterial_BaseColor.png
  artifactKey: Guid(ea945e5c2a90f8b4daad6d537f8b7244) Importer(815301076,1909f56bfc062723c751e8b465ee728b)
Start importing Assets/Backrock Studios/LowPoly-Animals/Water/Textures/Fish 5 - v1/fish 5_DefaultMaterial_BaseColor.png using Guid(ea945e5c2a90f8b4daad6d537f8b7244) Importer(815301076,1909f56bfc062723c751e8b465ee728b) [PhysX] Initialized MultithreadedTaskDispatcher with 4 workers.
[PhysX] Initialized MultithreadedTaskDispatcher with 4 workers.
 -> (artifact id: '74f7b00c0451dda414a37aacf2a40172') in 0.017587 seconds
Number of updated asset objects reloaded before import = 0
Number of asset objects unloaded after import = 2
========================================================================
Received Import Request.
  Time since last request: 0.165425 seconds.
  path: Assets/Surreal-Skyboxes/Textures/forest_sunset.png
  artifactKey: Guid(5b32a95f3f659b249bd26c3d6df31566) Importer(815301076,1909f56bfc062723c751e8b465ee728b)
Start importing Assets/Surreal-Skyboxes/Textures/forest_sunset.png using Guid(5b32a95f3f659b249bd26c3d6df31566) Importer(815301076,1909f56bfc062723c751e8b465ee728b) [PhysX] Initialized MultithreadedTaskDispatcher with 4 workers.
[PhysX] Initialized MultithreadedTaskDispatcher with 4 workers.
 -> (artifact id: '3b9bde1f982ecb7796782e4d256b635f') in 0.066427 seconds
Number of updated asset objects reloaded before import = 0
Number of asset objects unloaded after import = 2
========================================================================
Received Import Request.
  Time since last request: 0.047458 seconds.
  path: Assets/Backrock Studios/LowPoly-Animals/Water/Textures/Shark - v3/sharks _DefaultMaterial_BaseColor.png
  artifactKey: Guid(453ea35ac7e759648adbdcb9c9f12dfb) Importer(815301076,1909f56bfc062723c751e8b465ee728b)
Start importing Assets/Backrock Studios/LowPoly-Animals/Water/Textures/Shark - v3/sharks _DefaultMaterial_BaseColor.png using Guid(453ea35ac7e759648adbdcb9c9f12dfb) Importer(815301076,1909f56bfc062723c751e8b465ee728b) [PhysX] Initialized MultithreadedTaskDispatcher with 4 workers.
[PhysX] Initialized MultithreadedTaskDispatcher with 4 workers.
 -> (artifact id: 'deb0f0b018a819a8e24c832a33c9a586') in 0.021425 seconds
Number of updated asset objects reloaded before import = 0
Number of asset objects unloaded after import = 2
========================================================================
Received Import Request.
  Time since last request: 0.027632 seconds.
  path: Assets/Backrock Studios/LowPoly-Animals/Water/Textures/Fish 5 - v3/fish 5_DefaultMaterial_BaseColor.png
  artifactKey: Guid(e5c1ea8eedc85554aac4d1c89dc37cf8) Importer(815301076,1909f56bfc062723c751e8b465ee728b)
Start importing Assets/Backrock Studios/LowPoly-Animals/Water/Textures/Fish 5 - v3/fish 5_DefaultMaterial_BaseColor.png using Guid(e5c1ea8eedc85554aac4d1c89dc37cf8) Importer(815301076,1909f56bfc062723c751e8b465ee728b) [PhysX] Initialized MultithreadedTaskDispatcher with 4 workers.
[PhysX] Initialized MultithreadedTaskDispatcher with 4 workers.
 -> (artifact id: 'e3da2fa57d47e390bc6fbc1dda274261') in 0.063900 seconds
Number of updated asset objects reloaded before import = 0
Number of asset objects unloaded after import = 2
========================================================================
Received Import Request.
  Time since last request: 0.018072 seconds.
  path: Assets/Unity UI Samples/Fonts/Jupiter/LICENSE.txt
  artifactKey: Guid(9a4f8345bee404e36b84d948cd29fb8b) Importer(815301076,1909f56bfc062723c751e8b465ee728b)
Start importing Assets/Unity UI Samples/Fonts/Jupiter/LICENSE.txt using Guid(9a4f8345bee404e36b84d948cd29fb8b) Importer(815301076,1909f56bfc062723c751e8b465ee728b) [PhysX] Initialized MultithreadedTaskDispatcher with 4 workers.
 -> (artifact id: '9e3cbd38891f28a4e9f1f082c19ce0f0') in 0.007317 seconds
Number of updated asset objects reloaded before import = 0
Number of asset objects unloaded after import = 1
========================================================================
Received Import Request.
  Time since last request: 0.052569 seconds.
  path: Assets/Backrock Studios/LowPoly-Animals/Water/Textures/Shark - v5/sharks _DefaultMaterial_Normal.png
  artifactKey: Guid(8600538ad1c39294d9edf5603feded09) Importer(815301076,1909f56bfc062723c751e8b465ee728b)
Start importing Assets/Backrock Studios/LowPoly-Animals/Water/Textures/Shark - v5/sharks _DefaultMaterial_Normal.png using Guid(8600538ad1c39294d9edf5603feded09) Importer(815301076,1909f56bfc062723c751e8b465ee728b) [PhysX] Initialized MultithreadedTaskDispatcher with 4 workers.
[PhysX] Initialized MultithreadedTaskDispatcher with 4 workers.
 -> (artifact id: '15f12130ffb5088182ca984b7677be9e') in 0.084094 seconds
Number of updated asset objects reloaded before import = 0
Number of asset objects unloaded after import = 2
========================================================================
Received Import Request.
  Time since last request: 0.127517 seconds.
  path: Assets/Backrock Studios/LowPoly-Animals/Water/Fish_1/Fish_1_Animator.controller
  artifactKey: Guid(8956937d1e7ce024f99411d8a8b5e26f) Importer(815301076,1909f56bfc062723c751e8b465ee728b)
Start importing Assets/Backrock Studios/LowPoly-Animals/Water/Fish_1/Fish_1_Animator.controller using Guid(8956937d1e7ce024f99411d8a8b5e26f) Importer(815301076,1909f56bfc062723c751e8b465ee728b) [PhysX] Initialized MultithreadedTaskDispatcher with 4 workers.
 -> (artifact id: '6bef2d102a465d5fa91c4381e615200c') in 0.006775 seconds
Number of updated asset objects reloaded before import = 0
Number of asset objects unloaded after import = 4
========================================================================
Received Import Request.
  Time since last request: 0.047959 seconds.
  path: Assets/Backrock Studios/LowPoly-Animals/Water/Textures/Fish 3 - v5/fish 3_DefaultMaterial_BaseColor.png
  artifactKey: Guid(f2ed0b7e7e0506e4e867212664789af9) Importer(815301076,1909f56bfc062723c751e8b465ee728b)
Start importing Assets/Backrock Studios/LowPoly-Animals/Water/Textures/Fish 3 - v5/fish 3_DefaultMaterial_BaseColor.png using Guid(f2ed0b7e7e0506e4e867212664789af9) Importer(815301076,1909f56bfc062723c751e8b465ee728b) [PhysX] Initialized MultithreadedTaskDispatcher with 4 workers.
[PhysX] Initialized MultithreadedTaskDispatcher with 4 workers.
 -> (artifact id: '38277ca1fc9c7db30221a8fe8f804102') in 0.040735 seconds
Number of updated asset objects reloaded before import = 0
Number of asset objects unloaded after import = 2
========================================================================
Received Import Request.
  Time since last request: 0.050235 seconds.
  path: Assets/Backrock Studios/LowPoly-Animals/Prefabs/Fish-6/Fish_6_v4.prefab
  artifactKey: Guid(d5c332855dbf2fb4d99e7d80d2ffeff2) Importer(815301076,1909f56bfc062723c751e8b465ee728b)
Start importing Assets/Backrock Studios/LowPoly-Animals/Prefabs/Fish-6/Fish_6_v4.prefab using Guid(d5c332855dbf2fb4d99e7d80d2ffeff2) Importer(815301076,1909f56bfc062723c751e8b465ee728b) [PhysX] Initialized MultithreadedTaskDispatcher with 4 workers.
[PhysX] Initialized MultithreadedTaskDispatcher with 4 workers.
 -> (artifact id: '192ec6daeb352e82c895596bf1628565') in 0.050809 seconds
Number of updated asset objects reloaded before import = 0
Number of asset objects unloaded after import = 181
========================================================================
Received Import Request.
  Time since last request: 0.030641 seconds.
  path: Assets/Backrock Studios/LowPoly-Animals/Water/Textures/Tortoise - v5/tortoise_Solid_BaseColor.png
  artifactKey: Guid(9ee9d232f22ac0741a157d0431ac8050) Importer(815301076,1909f56bfc062723c751e8b465ee728b)
Start importing Assets/Backrock Studios/LowPoly-Animals/Water/Textures/Tortoise - v5/tortoise_Solid_BaseColor.png using Guid(9ee9d232f22ac0741a157d0431ac8050) Importer(815301076,1909f56bfc062723c751e8b465ee728b) [PhysX] Initialized MultithreadedTaskDispatcher with 4 workers.
[PhysX] Initialized MultithreadedTaskDispatcher with 4 workers.
 -> (artifact id: '44595c6c8f4e437570cff6972122a4df') in 0.038573 seconds
Number of updated asset objects reloaded before import = 0
Number of asset objects unloaded after import = 2
========================================================================
Received Import Request.
  Time since last request: 0.032086 seconds.
  path: Assets/Backrock Studios/LowPoly-Animals/Water/Textures/Fish - v2/fish1_DefaultMaterial_Metallic.png
  artifactKey: Guid(12358ab193037bb488c1d34743854351) Importer(815301076,1909f56bfc062723c751e8b465ee728b)
Start importing Assets/Backrock Studios/LowPoly-Animals/Water/Textures/Fish - v2/fish1_DefaultMaterial_Metallic.png using Guid(12358ab193037bb488c1d34743854351) Importer(815301076,1909f56bfc062723c751e8b465ee728b) [PhysX] Initialized MultithreadedTaskDispatcher with 4 workers.
[PhysX] Initialized MultithreadedTaskDispatcher with 4 workers.
 -> (artifact id: 'dc7de8e287800c8c1b2d3d6e54879c81') in 0.040193 seconds
Number of updated asset objects reloaded before import = 0
Number of asset objects unloaded after import = 2
========================================================================
Received Import Request.
  Time since last request: 0.016907 seconds.
  path: Assets/Backrock Studios/LowPoly-Animals/Water/Textures/Fish - v1/fish1_DefaultMaterial_Emissive.png
  artifactKey: Guid(b565165abe0a9db4b9843848cbeb8f03) Importer(815301076,1909f56bfc062723c751e8b465ee728b)
Start importing Assets/Backrock Studios/LowPoly-Animals/Water/Textures/Fish - v1/fish1_DefaultMaterial_Emissive.png using Guid(b565165abe0a9db4b9843848cbeb8f03) Importer(815301076,1909f56bfc062723c751e8b465ee728b) [PhysX] Initialized MultithreadedTaskDispatcher with 4 workers.
[PhysX] Initialized MultithreadedTaskDispatcher with 4 workers.
 -> (artifact id: '557735bb4ee0af32947fe8a1f92fbdd9') in 0.017809 seconds
Number of updated asset objects reloaded before import = 0
Number of asset objects unloaded after import = 2
========================================================================
Received Import Request.
  Time since last request: 0.050632 seconds.
  path: Assets/Backrock Studios/LowPoly-Animals/Water/Textures/Fish - v4/fish1_DefaultMaterial_Normal.png
  artifactKey: Guid(cbe0a68d3850dad458d12e5b118aab8d) Importer(815301076,1909f56bfc062723c751e8b465ee728b)
Start importing Assets/Backrock Studios/LowPoly-Animals/Water/Textures/Fish - v4/fish1_DefaultMaterial_Normal.png using Guid(cbe0a68d3850dad458d12e5b118aab8d) Importer(815301076,1909f56bfc062723c751e8b465ee728b) [PhysX] Initialized MultithreadedTaskDispatcher with 4 workers.
[PhysX] Initialized MultithreadedTaskDispatcher with 4 workers.
 -> (artifact id: 'c8f6873a96ba1bb2ca800e3dc8753fa1') in 0.076897 seconds
Number of updated asset objects reloaded before import = 0
Number of asset objects unloaded after import = 2
========================================================================
Received Import Request.
  Time since last request: 0.039467 seconds.
  path: Assets/Backrock Studios/LowPoly-Animals/Water/Textures/Fish - v1/fish1_DefaultMaterial_Roughness.png
  artifactKey: Guid(6238e5e357c0de946a857202e9fe5d9b) Importer(815301076,1909f56bfc062723c751e8b465ee728b)
Start importing Assets/Backrock Studios/LowPoly-Animals/Water/Textures/Fish - v1/fish1_DefaultMaterial_Roughness.png using Guid(6238e5e357c0de946a857202e9fe5d9b) Importer(815301076,1909f56bfc062723c751e8b465ee728b) [PhysX] Initialized MultithreadedTaskDispatcher with 4 workers.
[PhysX] Initialized MultithreadedTaskDispatcher with 4 workers.
 -> (artifact id: '540078778cdce4fa7a4fb054ea05ad2f') in 0.039207 seconds
Number of updated asset objects reloaded before import = 0
Number of asset objects unloaded after import = 2
========================================================================
Received Import Request.
  Time since last request: 0.365783 seconds.
  path: Assets/Phat Phrog Studios/Ambience - Underwater Worlds/6 - Phat Phrog Studios - Underwater Ambience - 3 Minute.wav
  artifactKey: Guid(058e1560d32c8dd448e5915aa9740ed4) Importer(815301076,1909f56bfc062723c751e8b465ee728b)
Start importing Assets/Phat Phrog Studios/Ambience - Underwater Worlds/6 - Phat Phrog Studios - Underwater Ambience - 3 Minute.wav using Guid(058e1560d32c8dd448e5915aa9740ed4) Importer(815301076,1909f56bfc062723c751e8b465ee728b) [PhysX] Initialized MultithreadedTaskDispatcher with 4 workers.
[PhysX] Initialized MultithreadedTaskDispatcher with 4 workers.
 -> (artifact id: '5b5c5a661e4b4c4a9876f243754631f8') in 1.327165 seconds
Number of updated asset objects reloaded before import = 0
Number of asset objects unloaded after import = 2
========================================================================
Received Import Request.
  Time since last request: 0.006918 seconds.
  path: Assets/GabrielAguiarProductions/FreeQuickEffectsVol1/Prefabs/vfx_Projectile_02.prefab
  artifactKey: Guid(dc33e45a4bb28854c941caca0629dcce) Importer(815301076,1909f56bfc062723c751e8b465ee728b)
Start importing Assets/GabrielAguiarProductions/FreeQuickEffectsVol1/Prefabs/vfx_Projectile_02.prefab using Guid(dc33e45a4bb28854c941caca0629dcce) Importer(815301076,1909f56bfc062723c751e8b465ee728b) [PhysX] Initialized MultithreadedTaskDispatcher with 4 workers.
[PhysX] Initialized MultithreadedTaskDispatcher with 4 workers.
 -> (artifact id: 'f54ef108e3a93b0ba03c0fac31bbb9af') in 0.049842 seconds
Number of updated asset objects reloaded before import = 0
Number of asset objects unloaded after import = 21
========================================================================
Received Import Request.
  Time since last request: 0.044700 seconds.
  path: Assets/Surreal-Skyboxes/Textures/mushrooms_night.png
  artifactKey: Guid(e344707b96f68c64fa5d2978e4b28a71) Importer(815301076,1909f56bfc062723c751e8b465ee728b)
Start importing Assets/Surreal-Skyboxes/Textures/mushrooms_night.png using Guid(e344707b96f68c64fa5d2978e4b28a71) Importer(815301076,1909f56bfc062723c751e8b465ee728b) [PhysX] Initialized MultithreadedTaskDispatcher with 4 workers.
[PhysX] Initialized MultithreadedTaskDispatcher with 4 workers.
 -> (artifact id: 'b0353e12baeab422a8a38fa3edf52ded') in 0.019645 seconds
Number of updated asset objects reloaded before import = 0
Number of asset objects unloaded after import = 2
========================================================================
Received Import Request.
  Time since last request: 0.019916 seconds.
  path: Assets/GabrielAguiarProductions/FreeQuickEffectsVol1/Prefabs/vfx_MuzzleFlash_01.prefab
  artifactKey: Guid(1f58a1dea6bbd9347843e4935585e6a2) Importer(815301076,1909f56bfc062723c751e8b465ee728b)
Start importing Assets/GabrielAguiarProductions/FreeQuickEffectsVol1/Prefabs/vfx_MuzzleFlash_01.prefab using Guid(1f58a1dea6bbd9347843e4935585e6a2) Importer(815301076,1909f56bfc062723c751e8b465ee728b) [PhysX] Initialized MultithreadedTaskDispatcher with 4 workers.
[PhysX] Initialized MultithreadedTaskDispatcher with 4 workers.
 -> (artifact id: '6693aa25fc3dcee0800d474080c61622') in 0.029534 seconds
Number of updated asset objects reloaded before import = 0
Number of asset objects unloaded after import = 24
========================================================================
Received Import Request.
  Time since last request: 0.017537 seconds.
  path: Assets/GabrielAguiarProductions/FreeQuickEffectsVol1/Prefabs/vfx_Sparks_01.prefab
  artifactKey: Guid(5a936c83b1746f14f9100db745e94f04) Importer(815301076,1909f56bfc062723c751e8b465ee728b)
Start importing Assets/GabrielAguiarProductions/FreeQuickEffectsVol1/Prefabs/vfx_Sparks_01.prefab using Guid(5a936c83b1746f14f9100db745e94f04) Importer(815301076,1909f56bfc062723c751e8b465ee728b) [PhysX] Initialized MultithreadedTaskDispatcher with 4 workers.
[PhysX] Initialized MultithreadedTaskDispatcher with 4 workers.
 -> (artifact id: '4fee7d307e7b228cf7b48df8fbf27ba5') in 0.038278 seconds
Number of updated asset objects reloaded before import = 0
Number of asset objects unloaded after import = 8
========================================================================
Received Import Request.
  Time since last request: 0.058128 seconds.
  path: Assets/Surreal-Skyboxes/Textures/city.png
  artifactKey: Guid(9ad01c4a341749a49a0c35c727309f6e) Importer(815301076,1909f56bfc062723c751e8b465ee728b)
Start importing Assets/Surreal-Skyboxes/Textures/city.png using Guid(9ad01c4a341749a49a0c35c727309f6e) Importer(815301076,1909f56bfc062723c751e8b465ee728b) [PhysX] Initialized MultithreadedTaskDispatcher with 4 workers.
[PhysX] Initialized MultithreadedTaskDispatcher with 4 workers.
 -> (artifact id: '10342a944cb5cd95c28216cef08b5bb9') in 0.017284 seconds
Number of updated asset objects reloaded before import = 0
Number of asset objects unloaded after import = 2
========================================================================
Received Import Request.
  Time since last request: 0.044052 seconds.
  path: Assets/GabrielAguiarProductions/FreeQuickEffectsVol1/Prefabs/vfx_Flamethrower_02.prefab
  artifactKey: Guid(856f1f18fb8861d4499813c38a5963ae) Importer(815301076,1909f56bfc062723c751e8b465ee728b)
Start importing Assets/GabrielAguiarProductions/FreeQuickEffectsVol1/Prefabs/vfx_Flamethrower_02.prefab using Guid(856f1f18fb8861d4499813c38a5963ae) Importer(815301076,1909f56bfc062723c751e8b465ee728b) [PhysX] Initialized MultithreadedTaskDispatcher with 4 workers.
[PhysX] Initialized MultithreadedTaskDispatcher with 4 workers.
 -> (artifact id: 'e8f937419fb5cef09fc10bc5488e85f1') in 0.037638 seconds
Number of updated asset objects reloaded before import = 0
Number of asset objects unloaded after import = 22
========================================================================
Received Import Request.
  Time since last request: 0.014292 seconds.
  path: Assets/Backrock Studios/LowPoly-Animals/Water/Textures/Fish - v3/fish1_DefaultMaterial_Metallic.png
  artifactKey: Guid(e6e17651d2f096c4d9724714b1d00cf6) Importer(815301076,1909f56bfc062723c751e8b465ee728b)
Start importing Assets/Backrock Studios/LowPoly-Animals/Water/Textures/Fish - v3/fish1_DefaultMaterial_Metallic.png using Guid(e6e17651d2f096c4d9724714b1d00cf6) Importer(815301076,1909f56bfc062723c751e8b465ee728b) [PhysX] Initialized MultithreadedTaskDispatcher with 4 workers.
[PhysX] Initialized MultithreadedTaskDispatcher with 4 workers.
 -> (artifact id: 'd7fc895e0ab33d2150a738db66a9cfea') in 0.040601 seconds
Number of updated asset objects reloaded before import = 0
Number of asset objects unloaded after import = 2
========================================================================
Received Import Request.
  Time since last request: 0.048741 seconds.
  path: Assets/Alstra Infinite/Fish - PolyPack/Texture/PolyPackFish.png
  artifactKey: Guid(046f0687a8e053648949194a16f36c33) Importer(815301076,1909f56bfc062723c751e8b465ee728b)
Start importing Assets/Alstra Infinite/Fish - PolyPack/Texture/PolyPackFish.png using Guid(046f0687a8e053648949194a16f36c33) Importer(815301076,1909f56bfc062723c751e8b465ee728b) [PhysX] Initialized MultithreadedTaskDispatcher with 4 workers.
[PhysX] Initialized MultithreadedTaskDispatcher with 4 workers.
 -> (artifact id: 'c8992593529c9b7a81071e402e6f8488') in 0.016048 seconds
Number of updated asset objects reloaded before import = 0
Number of asset objects unloaded after import = 2
========================================================================
Received Import Request.
  Time since last request: 0.015789 seconds.
  path: Assets/Backrock Studios/LowPoly-Animals/Water/Textures/Fish 3 - v4/fish 3_DefaultMaterial_BaseColor.png
  artifactKey: Guid(1e1ce5db0230bf54c86d19b67ef38d04) Importer(815301076,1909f56bfc062723c751e8b465ee728b)
Start importing Assets/Backrock Studios/LowPoly-Animals/Water/Textures/Fish 3 - v4/fish 3_DefaultMaterial_BaseColor.png using Guid(1e1ce5db0230bf54c86d19b67ef38d04) Importer(815301076,1909f56bfc062723c751e8b465ee728b) [PhysX] Initialized MultithreadedTaskDispatcher with 4 workers.
[PhysX] Initialized MultithreadedTaskDispatcher with 4 workers.
 -> (artifact id: '973a3f13d191e7e7032ccaf6802218c1') in 0.039281 seconds
Number of updated asset objects reloaded before import = 0
Number of asset objects unloaded after import = 2
========================================================================
Received Import Request.
  Time since last request: 0.606367 seconds.
  path: Assets/TextMesh Pro/Sprites/EmojiOne Attribution.txt
  artifactKey: Guid(381dcb09d5029d14897e55f98031fca5) Importer(815301076,1909f56bfc062723c751e8b465ee728b)
Start importing Assets/TextMesh Pro/Sprites/EmojiOne Attribution.txt using Guid(381dcb09d5029d14897e55f98031fca5) Importer(815301076,1909f56bfc062723c751e8b465ee728b) [PhysX] Initialized MultithreadedTaskDispatcher with 4 workers.
 -> (artifact id: '8919eebe9d99d6decd1683eed81e7b64') in 0.014655 seconds
Number of updated asset objects reloaded before import = 0
Number of asset objects unloaded after import = 1
========================================================================
Received Import Request.
  Time since last request: 0.068354 seconds.
  path: Assets/Backrock Studios/LowPoly-Animals/Water/Textures/Shark - v3/sharks _DefaultMaterial_Normal.png
  artifactKey: Guid(ab516cb831477f74ba59c2f52cd0b6ef) Importer(815301076,1909f56bfc062723c751e8b465ee728b)
Start importing Assets/Backrock Studios/LowPoly-Animals/Water/Textures/Shark - v3/sharks _DefaultMaterial_Normal.png using Guid(ab516cb831477f74ba59c2f52cd0b6ef) Importer(815301076,1909f56bfc062723c751e8b465ee728b) [PhysX] Initialized MultithreadedTaskDispatcher with 4 workers.
[PhysX] Initialized MultithreadedTaskDispatcher with 4 workers.
 -> (artifact id: '55b30ffaf44cb87dbe17570b118e14d5') in 0.101517 seconds
Number of updated asset objects reloaded before import = 0
Number of asset objects unloaded after import = 2
========================================================================
Received Import Request.
  Time since last request: 0.084647 seconds.
  path: Assets/GabrielAguiarProductions/FreeQuickEffectsVol1/Prefabs/vfx_Projectile_01.prefab
  artifactKey: Guid(bc142210df3ec4545a4e3e1f21e00da7) Importer(815301076,1909f56bfc062723c751e8b465ee728b)
Start importing Assets/GabrielAguiarProductions/FreeQuickEffectsVol1/Prefabs/vfx_Projectile_01.prefab using Guid(bc142210df3ec4545a4e3e1f21e00da7) Importer(815301076,1909f56bfc062723c751e8b465ee728b) [PhysX] Initialized MultithreadedTaskDispatcher with 4 workers.
[PhysX] Initialized MultithreadedTaskDispatcher with 4 workers.
 -> (artifact id: '5e2684b4583d7dc855b3812dd6eabc93') in 0.039996 seconds
Number of updated asset objects reloaded before import = 0
Number of asset objects unloaded after import = 21
========================================================================
Received Import Request.
  Time since last request: 0.036186 seconds.
  path: Assets/Surreal-Skyboxes/Underwater_Demo.unity
  artifactKey: Guid(d9c16906364a8dc45a81dfb977a83352) Importer(815301076,1909f56bfc062723c751e8b465ee728b)
Start importing Assets/Surreal-Skyboxes/Underwater_Demo.unity using Guid(d9c16906364a8dc45a81dfb977a83352) Importer(815301076,1909f56bfc062723c751e8b465ee728b) [PhysX] Initialized MultithreadedTaskDispatcher with 4 workers.
 -> (artifact id: 'dcf4cf0ad840c42b555084d0f812a2fc') in 0.002527 seconds
Number of updated asset objects reloaded before import = 0
Number of asset objects unloaded after import = 0
========================================================================
Received Import Request.
  Time since last request: 0.056017 seconds.
  path: Assets/Backrock Studios/LowPoly-Animals/Water/Textures/Fish 6 - v5/fish 6_DefaultMaterial_BaseColor.png
  artifactKey: Guid(4b0323f43c3072b4a882b178d9d61049) Importer(815301076,1909f56bfc062723c751e8b465ee728b)
Start importing Assets/Backrock Studios/LowPoly-Animals/Water/Textures/Fish 6 - v5/fish 6_DefaultMaterial_BaseColor.png using Guid(4b0323f43c3072b4a882b178d9d61049) Importer(815301076,1909f56bfc062723c751e8b465ee728b) [PhysX] Initialized MultithreadedTaskDispatcher with 4 workers.
[PhysX] Initialized MultithreadedTaskDispatcher with 4 workers.
 -> (artifact id: 'fdf6af2e2f2eb4ff749dfb3fe259fce4') in 0.097954 seconds
Number of updated asset objects reloaded before import = 0
Number of asset objects unloaded after import = 2
========================================================================
Received Import Request.
  Time since last request: 0.126999 seconds.
  path: Assets/Surreal-Skyboxes/Textures/mushrooms.png
  artifactKey: Guid(de4b7f40585a09e43b1b953ceb14cc24) Importer(815301076,1909f56bfc062723c751e8b465ee728b)
Start importing Assets/Surreal-Skyboxes/Textures/mushrooms.png using Guid(de4b7f40585a09e43b1b953ceb14cc24) Importer(815301076,1909f56bfc062723c751e8b465ee728b) [PhysX] Initialized MultithreadedTaskDispatcher with 4 workers.
[PhysX] Initialized MultithreadedTaskDispatcher with 4 workers.
 -> (artifact id: '45a629804eb0c741688b528bb50c903c') in 0.079608 seconds
Number of updated asset objects reloaded before import = 0
Number of asset objects unloaded after import = 2
========================================================================
Received Import Request.
  Time since last request: 0.011031 seconds.
  path: Assets/Backrock Studios/LowPoly-Animals/Water/Textures/Shark - v2/sharks _DefaultMaterial_Emissive.png
  artifactKey: Guid(a5f3b3dbfddeefb4589c320e81332ca5) Importer(815301076,1909f56bfc062723c751e8b465ee728b)
Start importing Assets/Backrock Studios/LowPoly-Animals/Water/Textures/Shark - v2/sharks _DefaultMaterial_Emissive.png using Guid(a5f3b3dbfddeefb4589c320e81332ca5) Importer(815301076,1909f56bfc062723c751e8b465ee728b) [PhysX] Initialized MultithreadedTaskDispatcher with 4 workers.
[PhysX] Initialized MultithreadedTaskDispatcher with 4 workers.
 -> (artifact id: '78905e4f076367039357310bf5017e8b') in 0.058124 seconds
Number of updated asset objects reloaded before import = 0
Number of asset objects unloaded after import = 2
========================================================================
Received Import Request.
  Time since last request: 0.000044 seconds.
  path: Assets/Backrock Studios/LowPoly-Animals/Prefabs/Fish-6/Fish_6_v1.prefab
  artifactKey: Guid(561fcee6ad0370e419b4a02d7a126db1) Importer(815301076,1909f56bfc062723c751e8b465ee728b)
Start importing Assets/Backrock Studios/LowPoly-Animals/Prefabs/Fish-6/Fish_6_v1.prefab using Guid(561fcee6ad0370e419b4a02d7a126db1) Importer(815301076,1909f56bfc062723c751e8b465ee728b) [PhysX] Initialized MultithreadedTaskDispatcher with 4 workers.
[PhysX] Initialized MultithreadedTaskDispatcher with 4 workers.
 -> (artifact id: '1f4663bdaa87c9448e85ef1268322e57') in 0.105862 seconds
Number of updated asset objects reloaded before import = 0
Number of asset objects unloaded after import = 353
========================================================================
Received Import Request.
  Time since last request: 0.000319 seconds.
  path: Assets/GabrielAguiarProductions/FreeQuickEffectsVol1/Prefabs/vfx_Impact_01.prefab
  artifactKey: Guid(f78aaaec3b393e24ca74cd6de8194347) Importer(815301076,1909f56bfc062723c751e8b465ee728b)
Start importing Assets/GabrielAguiarProductions/FreeQuickEffectsVol1/Prefabs/vfx_Impact_01.prefab using Guid(f78aaaec3b393e24ca74cd6de8194347) Importer(815301076,1909f56bfc062723c751e8b465ee728b) [PhysX] Initialized MultithreadedTaskDispatcher with 4 workers.
[PhysX] Initialized MultithreadedTaskDispatcher with 4 workers.
 -> (artifact id: 'a795e3ad88179d1ca98ec8f572eac285') in 0.047906 seconds
Number of updated asset objects reloaded before import = 0
Number of asset objects unloaded after import = 20
========================================================================
Received Import Request.
  Time since last request: 0.022562 seconds.
  path: Assets/Backrock Studios/LowPoly-Animals/Prefabs/Shark/Shark_v1.prefab
  artifactKey: Guid(7eae7165760ea8e4392990af4666d35b) Importer(815301076,1909f56bfc062723c751e8b465ee728b)
Start importing Assets/Backrock Studios/LowPoly-Animals/Prefabs/Shark/Shark_v1.prefab using Guid(7eae7165760ea8e4392990af4666d35b) Importer(815301076,1909f56bfc062723c751e8b465ee728b) [PhysX] Initialized MultithreadedTaskDispatcher with 4 workers.
[PhysX] Initialized MultithreadedTaskDispatcher with 4 workers.
 -> (artifact id: 'a301e3a47293ec4c782706c667dec67e') in 0.121792 seconds
Number of updated asset objects reloaded before import = 0
Number of asset objects unloaded after import = 126
========================================================================
Received Import Request.
  Time since last request: 0.000047 seconds.
  path: Assets/Backrock Studios/LowPoly-Animals/Water/Textures/Tortoise - v2/tortoise_Solid_BaseColor.png
  artifactKey: Guid(e92795d8186298643896caf0419efe3d) Importer(815301076,1909f56bfc062723c751e8b465ee728b)
Start importing Assets/Backrock Studios/LowPoly-Animals/Water/Textures/Tortoise - v2/tortoise_Solid_BaseColor.png using Guid(e92795d8186298643896caf0419efe3d) Importer(815301076,1909f56bfc062723c751e8b465ee728b) [PhysX] Initialized MultithreadedTaskDispatcher with 4 workers.
[PhysX] Initialized MultithreadedTaskDispatcher with 4 workers.
 -> (artifact id: '6df3cb2a246ba3d904d952b83ef32cf7') in 0.032876 seconds
Number of updated asset objects reloaded before import = 0
Number of asset objects unloaded after import = 2
========================================================================
Received Import Request.
  Time since last request: 0.165196 seconds.
  path: Assets/Phat Phrog Studios/Ambience - Underwater Worlds/3 - Phat Phrog Studios - Underwater Ambience - 3 Minute.wav
  artifactKey: Guid(79ef41d393ed5f6478d4d0f91bce5768) Importer(815301076,1909f56bfc062723c751e8b465ee728b)
Start importing Assets/Phat Phrog Studios/Ambience - Underwater Worlds/3 - Phat Phrog Studios - Underwater Ambience - 3 Minute.wav using Guid(79ef41d393ed5f6478d4d0f91bce5768) Importer(815301076,1909f56bfc062723c751e8b465ee728b) [PhysX] Initialized MultithreadedTaskDispatcher with 4 workers.
[PhysX] Initialized MultithreadedTaskDispatcher with 4 workers.
 -> (artifact id: 'e504878aeeee6730a89bc477a5dc81e2') in 1.905367 seconds
Number of updated asset objects reloaded before import = 0
Number of asset objects unloaded after import = 2
========================================================================
Received Import Request.
  Time since last request: 0.042030 seconds.
  path: Assets/Backrock Studios/LowPoly-Animals/Water/Textures/Fish 6 - v1/fish 6_DefaultMaterial_BaseColor.png
  artifactKey: Guid(920ad643bee1d7c489e301e26344b24e) Importer(815301076,1909f56bfc062723c751e8b465ee728b)
Start importing Assets/Backrock Studios/LowPoly-Animals/Water/Textures/Fish 6 - v1/fish 6_DefaultMaterial_BaseColor.png using Guid(920ad643bee1d7c489e301e26344b24e) Importer(815301076,1909f56bfc062723c751e8b465ee728b) [PhysX] Initialized MultithreadedTaskDispatcher with 4 workers.
[PhysX] Initialized MultithreadedTaskDispatcher with 4 workers.
 -> (artifact id: '9d05d5c241f7f101f073154913cc40c0') in 0.020642 seconds
Number of updated asset objects reloaded before import = 0
Number of asset objects unloaded after import = 2
========================================================================
Received Import Request.
  Time since last request: 0.073781 seconds.
  path: Assets/Backrock Studios/LowPoly-Animals/Water/Textures/Shark - v4/sharks _DefaultMaterial_Roughness.png
  artifactKey: Guid(854ba033f3316c549aca221b2a6ce9d3) Importer(815301076,1909f56bfc062723c751e8b465ee728b)
Start importing Assets/Backrock Studios/LowPoly-Animals/Water/Textures/Shark - v4/sharks _DefaultMaterial_Roughness.png using Guid(854ba033f3316c549aca221b2a6ce9d3) Importer(815301076,1909f56bfc062723c751e8b465ee728b) [PhysX] Initialized MultithreadedTaskDispatcher with 4 workers.
[PhysX] Initialized MultithreadedTaskDispatcher with 4 workers.
 -> (artifact id: '497e66c375683f780335861c607e3e28') in 0.041246 seconds
Number of updated asset objects reloaded before import = 0
Number of asset objects unloaded after import = 2
========================================================================
Received Import Request.
  Time since last request: 0.019734 seconds.
  path: Assets/Backrock Studios/LowPoly-Animals/Water/Textures/Dolphin-v3/dolphin_lambert1_BaseColor.png
  artifactKey: Guid(80bf295b369ca64439692195f402c3e6) Importer(815301076,1909f56bfc062723c751e8b465ee728b)
Start importing Assets/Backrock Studios/LowPoly-Animals/Water/Textures/Dolphin-v3/dolphin_lambert1_BaseColor.png using Guid(80bf295b369ca64439692195f402c3e6) Importer(815301076,1909f56bfc062723c751e8b465ee728b) [PhysX] Initialized MultithreadedTaskDispatcher with 4 workers.
[PhysX] Initialized MultithreadedTaskDispatcher with 4 workers.
 -> (artifact id: '93820b5b7c0f22a9a266b48040b45b2f') in 0.047421 seconds
Number of updated asset objects reloaded before import = 0
Number of asset objects unloaded after import = 2
========================================================================
Received Import Request.
  Time since last request: 0.028412 seconds.
  path: Assets/Unity UI Samples/Scenes/RenderTexture.unity
  artifactKey: Guid(d5545059c6381d848ab3d612c68f2669) Importer(815301076,1909f56bfc062723c751e8b465ee728b)
Start importing Assets/Unity UI Samples/Scenes/RenderTexture.unity using Guid(d5545059c6381d848ab3d612c68f2669) Importer(815301076,1909f56bfc062723c751e8b465ee728b) [PhysX] Initialized MultithreadedTaskDispatcher with 4 workers.
 -> (artifact id: 'afe647e9cca8aaf1c15a4476991e07fd') in 0.001768 seconds
Number of updated asset objects reloaded before import = 0
Number of asset objects unloaded after import = 0
========================================================================
Received Import Request.
  Time since last request: 0.017907 seconds.
  path: Assets/Jiggly Bubble Free/Textures/circle.png
  artifactKey: Guid(827cfc83afa113f4b9f699ad6afc5941) Importer(815301076,1909f56bfc062723c751e8b465ee728b)
Start importing Assets/Jiggly Bubble Free/Textures/circle.png using Guid(827cfc83afa113f4b9f699ad6afc5941) Importer(815301076,1909f56bfc062723c751e8b465ee728b) [PhysX] Initialized MultithreadedTaskDispatcher with 4 workers.
[PhysX] Initialized MultithreadedTaskDispatcher with 4 workers.
 -> (artifact id: 'a4b451b6d9cc175b621380d1071bef20') in 0.024667 seconds
Number of updated asset objects reloaded before import = 0
Number of asset objects unloaded after import = 2
========================================================================
Received Import Request.
  Time since last request: 0.011549 seconds.
  path: Assets/GabrielAguiarProductions/Documentation - Free Quick Effects.pdf
  artifactKey: Guid(8c8d72e2633fbcd43bf436858a9ff98f) Importer(815301076,1909f56bfc062723c751e8b465ee728b)
Start importing Assets/GabrielAguiarProductions/Documentation - Free Quick Effects.pdf using Guid(8c8d72e2633fbcd43bf436858a9ff98f) Importer(815301076,1909f56bfc062723c751e8b465ee728b) [PhysX] Initialized MultithreadedTaskDispatcher with 4 workers.
 -> (artifact id: '8a55f4c500ec932e705ed0fd111c4d4a') in 0.002064 seconds
Number of updated asset objects reloaded before import = 0
Number of asset objects unloaded after import = 1
========================================================================
Received Import Request.
  Time since last request: 0.022392 seconds.
  path: Assets/Backrock Studios/LowPoly-Animals/Water/Textures/Fish 3 - v2/fish 3_DefaultMaterial_BaseColor.png
  artifactKey: Guid(8944b074b9128a640bd9f5c4210a8a07) Importer(815301076,1909f56bfc062723c751e8b465ee728b)
Start importing Assets/Backrock Studios/LowPoly-Animals/Water/Textures/Fish 3 - v2/fish 3_DefaultMaterial_BaseColor.png using Guid(8944b074b9128a640bd9f5c4210a8a07) Importer(815301076,1909f56bfc062723c751e8b465ee728b) [PhysX] Initialized MultithreadedTaskDispatcher with 4 workers.
[PhysX] Initialized MultithreadedTaskDispatcher with 4 workers.
 -> (artifact id: 'b207c85ca41d00a66affd90f2e64eff5') in 0.032552 seconds
Number of updated asset objects reloaded before import = 0
Number of asset objects unloaded after import = 2
========================================================================
Received Import Request.
  Time since last request: 0.010959 seconds.
  path: Assets/GabrielAguiarProductions/FreeQuickEffectsVol1/Prefabs/vfx_Hyperdrive_01.prefab
  artifactKey: Guid(ee71d8dfb36a7b048aef24b0bc8f9764) Importer(815301076,1909f56bfc062723c751e8b465ee728b)
Start importing Assets/GabrielAguiarProductions/FreeQuickEffectsVol1/Prefabs/vfx_Hyperdrive_01.prefab using Guid(ee71d8dfb36a7b048aef24b0bc8f9764) Importer(815301076,1909f56bfc062723c751e8b465ee728b) [PhysX] Initialized MultithreadedTaskDispatcher with 4 workers.
[PhysX] Initialized MultithreadedTaskDispatcher with 4 workers.
 -> (artifact id: '952f12754e76a0f24527579e26a60d36') in 0.031326 seconds
Number of updated asset objects reloaded before import = 0
Number of asset objects unloaded after import = 16
========================================================================
Received Import Request.
  Time since last request: 0.022520 seconds.
  path: Assets/Backrock Studios/LowPoly-Animals/Water/Textures/Fish 2 - v4/fish 2_Material.001_BaseColor.png
  artifactKey: Guid(5d31aa9c8a1912d40b41097d39fef41d) Importer(815301076,1909f56bfc062723c751e8b465ee728b)
Start importing Assets/Backrock Studios/LowPoly-Animals/Water/Textures/Fish 2 - v4/fish 2_Material.001_BaseColor.png using Guid(5d31aa9c8a1912d40b41097d39fef41d) Importer(815301076,1909f56bfc062723c751e8b465ee728b) [PhysX] Initialized MultithreadedTaskDispatcher with 4 workers.
[PhysX] Initialized MultithreadedTaskDispatcher with 4 workers.
 -> (artifact id: '53a8d660b74395d476f5af82db32c331') in 0.026182 seconds
Number of updated asset objects reloaded before import = 0
Number of asset objects unloaded after import = 2
========================================================================
Received Import Request.
  Time since last request: 0.009763 seconds.
  path: Assets/Backrock Studios/LowPoly-Animals/Water/Textures/Shark - v5/sharks _DefaultMaterial_Emissive.png
  artifactKey: Guid(eed894b8923a6d84090a5531f4287d85) Importer(815301076,1909f56bfc062723c751e8b465ee728b)
Start importing Assets/Backrock Studios/LowPoly-Animals/Water/Textures/Shark - v5/sharks _DefaultMaterial_Emissive.png using Guid(eed894b8923a6d84090a5531f4287d85) Importer(815301076,1909f56bfc062723c751e8b465ee728b) [PhysX] Initialized MultithreadedTaskDispatcher with 4 workers.
[PhysX] Initialized MultithreadedTaskDispatcher with 4 workers.
 -> (artifact id: 'dd33f992c46be9d1620bb8fe8cc93f9f') in 0.024871 seconds
Number of updated asset objects reloaded before import = 0
Number of asset objects unloaded after import = 2
========================================================================
Received Import Request.
  Time since last request: 0.010554 seconds.
  path: Assets/Jiggly Bubble Free/Prefabs/Particle jiggly bubble soapy cubemap skybox.prefab
  artifactKey: Guid(d8b56b4d9f7ade24082aebbe30daa6c3) Importer(815301076,1909f56bfc062723c751e8b465ee728b)
Start importing Assets/Jiggly Bubble Free/Prefabs/Particle jiggly bubble soapy cubemap skybox.prefab using Guid(d8b56b4d9f7ade24082aebbe30daa6c3) Importer(815301076,1909f56bfc062723c751e8b465ee728b) [PhysX] Initialized MultithreadedTaskDispatcher with 4 workers.
[PhysX] Initialized MultithreadedTaskDispatcher with 4 workers.
 -> (artifact id: 'acb585e261ea85c7e2adda3ff9650c54') in 0.035015 seconds
Number of updated asset objects reloaded before import = 0
Number of asset objects unloaded after import = 13
========================================================================
Received Import Request.
  Time since last request: 0.009030 seconds.
  path: Assets/Unity UI Samples/Animation/MainMenu/Closed.anim
  artifactKey: Guid(ee7104d2ffb92f84a9d1ac3411c1c12f) Importer(815301076,1909f56bfc062723c751e8b465ee728b)
Start importing Assets/Unity UI Samples/Animation/MainMenu/Closed.anim using Guid(ee7104d2ffb92f84a9d1ac3411c1c12f) Importer(815301076,1909f56bfc062723c751e8b465ee728b) [PhysX] Initialized MultithreadedTaskDispatcher with 4 workers.
 -> (artifact id: 'a5ed2357f62ba858f00354683c59b61a') in 0.003812 seconds
Number of updated asset objects reloaded before import = 0
Number of asset objects unloaded after import = 1
========================================================================
Received Import Request.
  Time since last request: 0.019958 seconds.
  path: Assets/GabrielAguiarProductions/FreeQuickEffectsVol1/Textures/Flame02.png
  artifactKey: Guid(bae572b8abde45b49abfe9fb73223b07) Importer(815301076,1909f56bfc062723c751e8b465ee728b)
Start importing Assets/GabrielAguiarProductions/FreeQuickEffectsVol1/Textures/Flame02.png using Guid(bae572b8abde45b49abfe9fb73223b07) Importer(815301076,1909f56bfc062723c751e8b465ee728b) [PhysX] Initialized MultithreadedTaskDispatcher with 4 workers.
[PhysX] Initialized MultithreadedTaskDispatcher with 4 workers.
 -> (artifact id: '4e63c20af2162f6441eb87dbdb9d2638') in 0.030047 seconds
Number of updated asset objects reloaded before import = 0
Number of asset objects unloaded after import = 2
========================================================================
Received Import Request.
  Time since last request: 0.011384 seconds.
  path: Assets/Unity UI Samples/Animation/Panel/Closed.anim
  artifactKey: Guid(e18126576915f8146af49e3910b4809f) Importer(815301076,1909f56bfc062723c751e8b465ee728b)
Start importing Assets/Unity UI Samples/Animation/Panel/Closed.anim using Guid(e18126576915f8146af49e3910b4809f) Importer(815301076,1909f56bfc062723c751e8b465ee728b) [PhysX] Initialized MultithreadedTaskDispatcher with 4 workers.
 -> (artifact id: 'f340cae7c17e087ece63e91e2653bb7b') in 0.004492 seconds
Number of updated asset objects reloaded before import = 0
Number of asset objects unloaded after import = 1
========================================================================
Received Import Request.
  Time since last request: 0.043189 seconds.
  path: Assets/TextMesh Pro/Shaders/TMP_Bitmap-Mobile.shader
  artifactKey: Guid(1e3b057af24249748ff873be7fafee47) Importer(815301076,1909f56bfc062723c751e8b465ee728b)
Start importing Assets/TextMesh Pro/Shaders/TMP_Bitmap-Mobile.shader using Guid(1e3b057af24249748ff873be7fafee47) Importer(815301076,1909f56bfc062723c751e8b465ee728b) [PhysX] Initialized MultithreadedTaskDispatcher with 4 workers.
 -> (artifact id: '89e7bf545fd2eac93439e88c8e8e4898') in 0.002784 seconds
Number of updated asset objects reloaded before import = 0
Number of asset objects unloaded after import = 0
========================================================================
Received Import Request.
  Time since last request: 0.009266 seconds.
  path: Assets/TextMesh Pro/Shaders/TMP_SDF-Mobile Overlay.shader
  artifactKey: Guid(a02a7d8c237544f1962732b55a9aebf1) Importer(815301076,1909f56bfc062723c751e8b465ee728b)
Start importing Assets/TextMesh Pro/Shaders/TMP_SDF-Mobile Overlay.shader using Guid(a02a7d8c237544f1962732b55a9aebf1) Importer(815301076,1909f56bfc062723c751e8b465ee728b) [PhysX] Initialized MultithreadedTaskDispatcher with 4 workers.
 -> (artifact id: 'cb604b9c13a57f83423e949ab14c8f02') in 0.001990 seconds
Number of updated asset objects reloaded before import = 0
Number of asset objects unloaded after import = 0
========================================================================
Received Import Request.
  Time since last request: 0.028340 seconds.
  path: Assets/GabrielAguiarProductions/FreeQuickEffectsVol1_2022_URP_v1.0.unitypackage
  artifactKey: Guid(19088a1957085d54db3a26fd3fa56040) Importer(815301076,1909f56bfc062723c751e8b465ee728b)
Start importing Assets/GabrielAguiarProductions/FreeQuickEffectsVol1_2022_URP_v1.0.unitypackage using Guid(19088a1957085d54db3a26fd3fa56040) Importer(815301076,1909f56bfc062723c751e8b465ee728b) [PhysX] Initialized MultithreadedTaskDispatcher with 4 workers.
 -> (artifact id: '4cb6c7fa174a756f5ac33713f52d1360') in 0.002116 seconds
Number of updated asset objects reloaded before import = 0
Number of asset objects unloaded after import = 1
========================================================================
Received Import Request.
  Time since last request: 0.072626 seconds.
  path: Assets/Surreal-Skyboxes/Textures/snow_village_night.png
  artifactKey: Guid(a2a113ff203270e47b2df50df03926b0) Importer(815301076,1909f56bfc062723c751e8b465ee728b)
Start importing Assets/Surreal-Skyboxes/Textures/snow_village_night.png using Guid(a2a113ff203270e47b2df50df03926b0) Importer(815301076,1909f56bfc062723c751e8b465ee728b) [PhysX] Initialized MultithreadedTaskDispatcher with 4 workers.
[PhysX] Initialized MultithreadedTaskDispatcher with 4 workers.
 -> (artifact id: '7f9978a7c25a3b06c14611d08380ac4b') in 0.025541 seconds
Number of updated asset objects reloaded before import = 0
Number of asset objects unloaded after import = 2
========================================================================
Received Import Request.
  Time since last request: 0.113291 seconds.
  path: Assets/GabrielAguiarProductions/FreeQuickEffectsVol1/Prefabs/vfx_MeteorRain_02.prefab
  artifactKey: Guid(8a474c5401202784ab11371270ef4e33) Importer(815301076,1909f56bfc062723c751e8b465ee728b)
Start importing Assets/GabrielAguiarProductions/FreeQuickEffectsVol1/Prefabs/vfx_MeteorRain_02.prefab using Guid(8a474c5401202784ab11371270ef4e33) Importer(815301076,1909f56bfc062723c751e8b465ee728b) [PhysX] Initialized MultithreadedTaskDispatcher with 4 workers.
[PhysX] Initialized MultithreadedTaskDispatcher with 4 workers.
 -> (artifact id: '53fcc8c3f3d9fbe5314df75099eb1b97') in 0.069637 seconds
Number of updated asset objects reloaded before import = 0
Number of asset objects unloaded after import = 24
========================================================================
Received Import Request.
  Time since last request: 0.045960 seconds.
  path: Assets/Surreal-Skyboxes/Textures/artic_ice.png
  artifactKey: Guid(3e1adfff0307a7240abb6111aab73277) Importer(815301076,1909f56bfc062723c751e8b465ee728b)
Start importing Assets/Surreal-Skyboxes/Textures/artic_ice.png using Guid(3e1adfff0307a7240abb6111aab73277) Importer(815301076,1909f56bfc062723c751e8b465ee728b) [PhysX] Initialized MultithreadedTaskDispatcher with 4 workers.
[PhysX] Initialized MultithreadedTaskDispatcher with 4 workers.
 -> (artifact id: 'ad0931ba3bf87b8c7075dfdebd9f380f') in 0.016328 seconds
Number of updated asset objects reloaded before import = 0
Number of asset objects unloaded after import = 2
========================================================================
Received Import Request.
  Time since last request: 0.013168 seconds.
  path: Assets/Backrock Studios/LowPoly-Animals/Water/Textures/Fish - v5/fish1_DefaultMaterial_BaseColor.png
  artifactKey: Guid(6641e146eefae644da71d30f489ee9f0) Importer(815301076,1909f56bfc062723c751e8b465ee728b)
Start importing Assets/Backrock Studios/LowPoly-Animals/Water/Textures/Fish - v5/fish1_DefaultMaterial_BaseColor.png using Guid(6641e146eefae644da71d30f489ee9f0) Importer(815301076,1909f56bfc062723c751e8b465ee728b) [PhysX] Initialized MultithreadedTaskDispatcher with 4 workers.
[PhysX] Initialized MultithreadedTaskDispatcher with 4 workers.
 -> (artifact id: '397a9d01ef31d6693b0744ffb5641e42') in 0.036539 seconds
Number of updated asset objects reloaded before import = 0
Number of asset objects unloaded after import = 2
========================================================================
Received Import Request.
  Time since last request: 0.020496 seconds.
  path: Assets/Backrock Studios/LowPoly-Animals/Prefabs/Fish-5/fish_5_v3.prefab
  artifactKey: Guid(dc39d348738f9b74a82210464bd7ad1f) Importer(815301076,1909f56bfc062723c751e8b465ee728b)
Start importing Assets/Backrock Studios/LowPoly-Animals/Prefabs/Fish-5/fish_5_v3.prefab using Guid(dc39d348738f9b74a82210464bd7ad1f) Importer(815301076,1909f56bfc062723c751e8b465ee728b) [PhysX] Initialized MultithreadedTaskDispatcher with 4 workers.
[PhysX] Initialized MultithreadedTaskDispatcher with 4 workers.
 -> (artifact id: '6539c5c7f7d2fe654125746aa61fc754') in 0.041937 seconds
Number of updated asset objects reloaded before import = 0
Number of asset objects unloaded after import = 79
========================================================================
Received Import Request.
  Time since last request: 0.015040 seconds.
  path: Assets/TextMesh Pro/Shaders/TMP_SDF SSD.shader
  artifactKey: Guid(14eb328de4b8eb245bb7cea29e4ac00b) Importer(815301076,1909f56bfc062723c751e8b465ee728b)
Start importing Assets/TextMesh Pro/Shaders/TMP_SDF SSD.shader using Guid(14eb328de4b8eb245bb7cea29e4ac00b) Importer(815301076,1909f56bfc062723c751e8b465ee728b) [PhysX] Initialized MultithreadedTaskDispatcher with 4 workers.
 -> (artifact id: 'c9fa2b34d2206f67d1bbe504247518fd') in 0.003619 seconds
Number of updated asset objects reloaded before import = 0
Number of asset objects unloaded after import = 0
========================================================================
Received Import Request.
  Time since last request: 0.019495 seconds.
  path: Assets/TextMesh Pro/Shaders/TMP_SDF.shader
  artifactKey: Guid(68e6db2ebdc24f95958faec2be5558d6) Importer(815301076,1909f56bfc062723c751e8b465ee728b)
Start importing Assets/TextMesh Pro/Shaders/TMP_SDF.shader using Guid(68e6db2ebdc24f95958faec2be5558d6) Importer(815301076,1909f56bfc062723c751e8b465ee728b) [PhysX] Initialized MultithreadedTaskDispatcher with 4 workers.
 -> (artifact id: '32b9d1780e2bb7466e367194722af59b') in 0.003830 seconds
Number of updated asset objects reloaded before import = 0
Number of asset objects unloaded after import = 0
========================================================================
Received Import Request.
  Time since last request: 0.008730 seconds.
  path: Assets/Alstra Infinite/Fish - PolyPack/Prefabs/FishV2.prefab
  artifactKey: Guid(67de17aaa6711224f80123d9b1ef8cb7) Importer(815301076,1909f56bfc062723c751e8b465ee728b)
Start importing Assets/Alstra Infinite/Fish - PolyPack/Prefabs/FishV2.prefab using Guid(67de17aaa6711224f80123d9b1ef8cb7) Importer(815301076,1909f56bfc062723c751e8b465ee728b) [PhysX] Initialized MultithreadedTaskDispatcher with 4 workers.
[PhysX] Initialized MultithreadedTaskDispatcher with 4 workers.
 -> (artifact id: 'c91f6b6443d1ad2da39a7afcfc44eee6') in 0.033648 seconds
Number of updated asset objects reloaded before import = 0
Number of asset objects unloaded after import = 10
========================================================================
Received Import Request.
  Time since last request: 0.009862 seconds.
  path: Assets/Surreal-Skyboxes/Cyberspace_Demo.unity
  artifactKey: Guid(c1ca37e82fb5b56419d82960f21741a9) Importer(815301076,1909f56bfc062723c751e8b465ee728b)
Start importing Assets/Surreal-Skyboxes/Cyberspace_Demo.unity using Guid(c1ca37e82fb5b56419d82960f21741a9) Importer(815301076,1909f56bfc062723c751e8b465ee728b) [PhysX] Initialized MultithreadedTaskDispatcher with 4 workers.
 -> (artifact id: 'a61827513463c7456e785041421d6c2c') in 0.005591 seconds
Number of updated asset objects reloaded before import = 0
Number of asset objects unloaded after import = 0
========================================================================
Received Import Request.
  Time since last request: 0.008199 seconds.
  path: Assets/Unity UI Samples/Animation/Panel/Panel.controller
  artifactKey: Guid(a1a76cb6763ca8a4ab0450fc989edb19) Importer(815301076,1909f56bfc062723c751e8b465ee728b)
Start importing Assets/Unity UI Samples/Animation/Panel/Panel.controller using Guid(a1a76cb6763ca8a4ab0450fc989edb19) Importer(815301076,1909f56bfc062723c751e8b465ee728b) [PhysX] Initialized MultithreadedTaskDispatcher with 4 workers.
 -> (artifact id: '7cba1b3db745e83252a78a24582b1588') in 0.009191 seconds
Number of updated asset objects reloaded before import = 0
Number of asset objects unloaded after import = 11
========================================================================
Received Import Request.
  Time since last request: 0.010500 seconds.
  path: Assets/GabrielAguiarProductions/FreeQuickEffectsVol1/Prefabs/vfx_LootDrop_02.prefab
  artifactKey: Guid(e953460ff16e0a6459684f9b77202b5c) Importer(815301076,1909f56bfc062723c751e8b465ee728b)
Start importing Assets/GabrielAguiarProductions/FreeQuickEffectsVol1/Prefabs/vfx_LootDrop_02.prefab using Guid(e953460ff16e0a6459684f9b77202b5c) Importer(815301076,1909f56bfc062723c751e8b465ee728b) [PhysX] Initialized MultithreadedTaskDispatcher with 4 workers.
[PhysX] Initialized MultithreadedTaskDispatcher with 4 workers.
 -> (artifact id: '9be71de0617b1a996c146ae1e10dfecd') in 0.039945 seconds
Number of updated asset objects reloaded before import = 0
Number of asset objects unloaded after import = 26
========================================================================
Received Import Request.
  Time since last request: 0.016255 seconds.
  path: Assets/Backrock Studios/LowPoly-Animals/Water/Textures/Fish - v4/fish1_DefaultMaterial_BaseColor.png
  artifactKey: Guid(ce7a0e25daa3bfd42a76a2891693d699) Importer(815301076,1909f56bfc062723c751e8b465ee728b)
Start importing Assets/Backrock Studios/LowPoly-Animals/Water/Textures/Fish - v4/fish1_DefaultMaterial_BaseColor.png using Guid(ce7a0e25daa3bfd42a76a2891693d699) Importer(815301076,1909f56bfc062723c751e8b465ee728b) [PhysX] Initialized MultithreadedTaskDispatcher with 4 workers.
[PhysX] Initialized MultithreadedTaskDispatcher with 4 workers.
 -> (artifact id: '0521f1f845414942139bc152088382e9') in 0.034430 seconds
Number of updated asset objects reloaded before import = 0
Number of asset objects unloaded after import = 2
========================================================================
Received Import Request.
  Time since last request: 0.012600 seconds.
  path: Assets/Backrock Studios/LowPoly-Animals/Water/Textures/Fish - v4/fish1_DefaultMaterial_Emissive.png
  artifactKey: Guid(2178b4a729f6a6f4e87678bd97f58d8b) Importer(815301076,1909f56bfc062723c751e8b465ee728b)
Start importing Assets/Backrock Studios/LowPoly-Animals/Water/Textures/Fish - v4/fish1_DefaultMaterial_Emissive.png using Guid(2178b4a729f6a6f4e87678bd97f58d8b) Importer(815301076,1909f56bfc062723c751e8b465ee728b) [PhysX] Initialized MultithreadedTaskDispatcher with 4 workers.
[PhysX] Initialized MultithreadedTaskDispatcher with 4 workers.
 -> (artifact id: '60113cd81d1159b00f6a166059022fca') in 0.021210 seconds
Number of updated asset objects reloaded before import = 0
Number of asset objects unloaded after import = 2
========================================================================
Received Import Request.
  Time since last request: 0.018585 seconds.
  path: Assets/GabrielAguiarProductions/FreeQuickEffectsVol1/Prefabs/vfx_MeteorRain_01.prefab
  artifactKey: Guid(ae9bdcaa1a8496449b1068fd7844906c) Importer(815301076,1909f56bfc062723c751e8b465ee728b)
Start importing Assets/GabrielAguiarProductions/FreeQuickEffectsVol1/Prefabs/vfx_MeteorRain_01.prefab using Guid(ae9bdcaa1a8496449b1068fd7844906c) Importer(815301076,1909f56bfc062723c751e8b465ee728b) [PhysX] Initialized MultithreadedTaskDispatcher with 4 workers.
[PhysX] Initialized MultithreadedTaskDispatcher with 4 workers.
 -> (artifact id: '62d79ac340e4816ab3c99fc20db03581') in 0.053817 seconds
Number of updated asset objects reloaded before import = 0
Number of asset objects unloaded after import = 16
========================================================================
Received Import Request.
  Time since last request: 0.008273 seconds.
  path: Assets/TextMesh Pro/Shaders/TMP_SDF-Mobile.shader
  artifactKey: Guid(fe393ace9b354375a9cb14cdbbc28be4) Importer(815301076,1909f56bfc062723c751e8b465ee728b)
Start importing Assets/TextMesh Pro/Shaders/TMP_SDF-Mobile.shader using Guid(fe393ace9b354375a9cb14cdbbc28be4) Importer(815301076,1909f56bfc062723c751e8b465ee728b) [PhysX] Initialized MultithreadedTaskDispatcher with 4 workers.
 -> (artifact id: '79753a06941cefe029fdea1ce076c2c2') in 0.002466 seconds
Number of updated asset objects reloaded before import = 0
Number of asset objects unloaded after import = 0
========================================================================
Received Import Request.
  Time since last request: 0.020373 seconds.
  path: Assets/GabrielAguiarProductions/FreeQuickEffectsVol1/Scenes/FreeQuickEffectsVol1.unity
  artifactKey: Guid(27a5f61cefbeb12488d1e9b74932a88c) Importer(815301076,1909f56bfc062723c751e8b465ee728b)
Start importing Assets/GabrielAguiarProductions/FreeQuickEffectsVol1/Scenes/FreeQuickEffectsVol1.unity using Guid(27a5f61cefbeb12488d1e9b74932a88c) Importer(815301076,1909f56bfc062723c751e8b465ee728b) [PhysX] Initialized MultithreadedTaskDispatcher with 4 workers.
 -> (artifact id: 'b6b2ff3ca1653f1f36a447e0bd5c8c2f') in 0.001789 seconds
Number of updated asset objects reloaded before import = 0
Number of asset objects unloaded after import = 0
========================================================================
Received Import Request.
  Time since last request: 0.009741 seconds.
  path: Assets/Unity UI Samples/Textures and Sprites/Decoration/Icon3.png
  artifactKey: Guid(e484876f0cfbe8d46981ae0062b5e77f) Importer(815301076,1909f56bfc062723c751e8b465ee728b)
Start importing Assets/Unity UI Samples/Textures and Sprites/Decoration/Icon3.png using Guid(e484876f0cfbe8d46981ae0062b5e77f) Importer(815301076,1909f56bfc062723c751e8b465ee728b) [PhysX] Initialized MultithreadedTaskDispatcher with 4 workers.
[PhysX] Initialized MultithreadedTaskDispatcher with 4 workers.
 -> (artifact id: '4ddd90586a91892192ef4346c3dc493b') in 0.041258 seconds
Number of updated asset objects reloaded before import = 0
Number of asset objects unloaded after import = 3
========================================================================
Received Import Request.
  Time since last request: 0.024186 seconds.
  path: Assets/Backrock Studios/LowPoly-Animals/Water/Textures/Tortoise - v4/tortoise_Solid_BaseColor.png
  artifactKey: Guid(8c7c1bdf25031a94eba53304523e7213) Importer(815301076,1909f56bfc062723c751e8b465ee728b)
Start importing Assets/Backrock Studios/LowPoly-Animals/Water/Textures/Tortoise - v4/tortoise_Solid_BaseColor.png using Guid(8c7c1bdf25031a94eba53304523e7213) Importer(815301076,1909f56bfc062723c751e8b465ee728b) [PhysX] Initialized MultithreadedTaskDispatcher with 4 workers.
[PhysX] Initialized MultithreadedTaskDispatcher with 4 workers.
 -> (artifact id: '7bc7193dc62a5a7cc0ae28efb3143b24') in 0.037045 seconds
Number of updated asset objects reloaded before import = 0
Number of asset objects unloaded after import = 2
========================================================================
Received Import Request.
  Time since last request: 0.015893 seconds.
  path: Assets/Unity UI Samples/Scenes/Draggable Panel.unity
  artifactKey: Guid(838436750d0cf48a685923371f66cea6) Importer(815301076,1909f56bfc062723c751e8b465ee728b)
Start importing Assets/Unity UI Samples/Scenes/Draggable Panel.unity using Guid(838436750d0cf48a685923371f66cea6) Importer(815301076,1909f56bfc062723c751e8b465ee728b) [PhysX] Initialized MultithreadedTaskDispatcher with 4 workers.
 -> (artifact id: '0f4ce5b4cf8421676bef91450432b883') in 0.002336 seconds
Number of updated asset objects reloaded before import = 0
Number of asset objects unloaded after import = 0
========================================================================
Received Import Request.
  Time since last request: 0.012007 seconds.
  path: Assets/Backrock Studios/LowPoly-Animals/Water/Textures/Shark - v3/sharks _DefaultMaterial_Metallic.png
  artifactKey: Guid(16334d6bfbf3e484788c35a4cb44d61c) Importer(815301076,1909f56bfc062723c751e8b465ee728b)
Start importing Assets/Backrock Studios/LowPoly-Animals/Water/Textures/Shark - v3/sharks _DefaultMaterial_Metallic.png using Guid(16334d6bfbf3e484788c35a4cb44d61c) Importer(815301076,1909f56bfc062723c751e8b465ee728b) [PhysX] Initialized MultithreadedTaskDispatcher with 4 workers.
[PhysX] Initialized MultithreadedTaskDispatcher with 4 workers.
 -> (artifact id: '0560342206352a33f79e11cf3a80c28f') in 0.029859 seconds
Number of updated asset objects reloaded before import = 0
Number of asset objects unloaded after import = 2
========================================================================
Received Import Request.
  Time since last request: 0.008526 seconds.
  path: Assets/Unity UI Samples/Materials/UI-Default-No-Alpha.shader
  artifactKey: Guid(35868d7a76dde4354b3ea20c36f8fdf9) Importer(815301076,1909f56bfc062723c751e8b465ee728b)
Start importing Assets/Unity UI Samples/Materials/UI-Default-No-Alpha.shader using Guid(35868d7a76dde4354b3ea20c36f8fdf9) Importer(815301076,1909f56bfc062723c751e8b465ee728b) [PhysX] Initialized MultithreadedTaskDispatcher with 4 workers.
 -> (artifact id: 'f0f73caf987619f51e454c284bf5ebcd') in 0.002408 seconds
Number of updated asset objects reloaded before import = 0
Number of asset objects unloaded after import = 0
========================================================================
Received Import Request.
  Time since last request: 0.008398 seconds.
  path: Assets/TextMesh Pro/Shaders/TMP_Bitmap.shader
  artifactKey: Guid(128e987d567d4e2c824d754223b3f3b0) Importer(815301076,1909f56bfc062723c751e8b465ee728b)
Start importing Assets/TextMesh Pro/Shaders/TMP_Bitmap.shader using Guid(128e987d567d4e2c824d754223b3f3b0) Importer(815301076,1909f56bfc062723c751e8b465ee728b) [PhysX] Initialized MultithreadedTaskDispatcher with 4 workers.
 -> (artifact id: '0633acf3ac21bc270e9f8886a6ffaff9') in 0.001442 seconds
Number of updated asset objects reloaded before import = 0
Number of asset objects unloaded after import = 0
========================================================================
Received Import Request.
  Time since last request: 0.009049 seconds.
  path: Assets/TextMesh Pro/Shaders/TMP_SDF-Mobile SSD.shader
  artifactKey: Guid(c8d12adcee749c344b8117cf7c7eb912) Importer(815301076,1909f56bfc062723c751e8b465ee728b)
Start importing Assets/TextMesh Pro/Shaders/TMP_SDF-Mobile SSD.shader using Guid(c8d12adcee749c344b8117cf7c7eb912) Importer(815301076,1909f56bfc062723c751e8b465ee728b) [PhysX] Initialized MultithreadedTaskDispatcher with 4 workers.
 -> (artifact id: 'aee0dbf6441df735a292c9da43b1a70f') in 0.002729 seconds
Number of updated asset objects reloaded before import = 0
Number of asset objects unloaded after import = 0
========================================================================
Received Import Request.
  Time since last request: 0.083467 seconds.
  path: Assets/Phat Phrog Studios/Ambience - Underwater Worlds/9 - Phat Phrog Studios - Underwater Ambience - 3 Minute.wav
  artifactKey: Guid(a076cf99227e7d549b1c9c003eebb2dd) Importer(815301076,1909f56bfc062723c751e8b465ee728b)
Start importing Assets/Phat Phrog Studios/Ambience - Underwater Worlds/9 - Phat Phrog Studios - Underwater Ambience - 3 Minute.wav using Guid(a076cf99227e7d549b1c9c003eebb2dd) Importer(815301076,1909f56bfc062723c751e8b465ee728b) [PhysX] Initialized MultithreadedTaskDispatcher with 4 workers.
[PhysX] Initialized MultithreadedTaskDispatcher with 4 workers.
 -> (artifact id: '8c88c3a97a4c8a50d37150172f2b7435') in 1.342842 seconds
Number of updated asset objects reloaded before import = 0
Number of asset objects unloaded after import = 2
========================================================================
Received Import Request.
  Time since last request: 0.003600 seconds.
  path: Assets/Surreal-Skyboxes/City_Demo.unity
  artifactKey: Guid(20003435a930af94eacaf898f0314d12) Importer(815301076,1909f56bfc062723c751e8b465ee728b)
Start importing Assets/Surreal-Skyboxes/City_Demo.unity using Guid(20003435a930af94eacaf898f0314d12) Importer(815301076,1909f56bfc062723c751e8b465ee728b) [PhysX] Initialized MultithreadedTaskDispatcher with 4 workers.
 -> (artifact id: 'b14d623d4d3caa9b4df4728dc14cb631') in 0.001525 seconds
Number of updated asset objects reloaded before import = 0
Number of asset objects unloaded after import = 0
========================================================================
Received Import Request.
  Time since last request: 0.011499 seconds.
  path: Assets/GabrielAguiarProductions/FreeQuickEffectsVol1/Prefabs/vfx_Rain_02.prefab
  artifactKey: Guid(6c064513aa7cae142b65066943c8fdbd) Importer(815301076,1909f56bfc062723c751e8b465ee728b)
Start importing Assets/GabrielAguiarProductions/FreeQuickEffectsVol1/Prefabs/vfx_Rain_02.prefab using Guid(6c064513aa7cae142b65066943c8fdbd) Importer(815301076,1909f56bfc062723c751e8b465ee728b) [PhysX] Initialized MultithreadedTaskDispatcher with 4 workers.
[PhysX] Initialized MultithreadedTaskDispatcher with 4 workers.
 -> (artifact id: '34eef3860b3b2b679e258bc7ebafced6') in 0.043674 seconds
Number of updated asset objects reloaded before import = 0
Number of asset objects unloaded after import = 18
========================================================================
Received Import Request.
  Time since last request: 0.018461 seconds.
  path: Assets/Unity UI Samples/Textures and Sprites/Rounded UI/UIToggleButton.png
  artifactKey: Guid(1238f32bb27c642c5b81174a099459f4) Importer(815301076,1909f56bfc062723c751e8b465ee728b)
Start importing Assets/Unity UI Samples/Textures and Sprites/Rounded UI/UIToggleButton.png using Guid(1238f32bb27c642c5b81174a099459f4) Importer(815301076,1909f56bfc062723c751e8b465ee728b) [PhysX] Initialized MultithreadedTaskDispatcher with 4 workers.
[PhysX] Initialized MultithreadedTaskDispatcher with 4 workers.
 -> (artifact id: '1d7777bae6329b8890c4b048131ec954') in 0.025167 seconds
Number of updated asset objects reloaded before import = 0
Number of asset objects unloaded after import = 3
========================================================================
Received Import Request.
  Time since last request: 0.010083 seconds.
  path: Assets/Surreal-Skyboxes/Mountains_Demo.unity
  artifactKey: Guid(9ff474bdf6f8b084db35dab461195696) Importer(815301076,1909f56bfc062723c751e8b465ee728b)
Start importing Assets/Surreal-Skyboxes/Mountains_Demo.unity using Guid(9ff474bdf6f8b084db35dab461195696) Importer(815301076,1909f56bfc062723c751e8b465ee728b) [PhysX] Initialized MultithreadedTaskDispatcher with 4 workers.
 -> (artifact id: 'bdce93cb3dead237bc3817d99294ae17') in 0.001654 seconds
Number of updated asset objects reloaded before import = 0
Number of asset objects unloaded after import = 0
========================================================================
Received Import Request.
  Time since last request: 0.023880 seconds.
  path: Assets/Backrock Studios/LowPoly-Animals/Water/Textures/Shark - v5/sharks _DefaultMaterial_BaseColor.png
  artifactKey: Guid(37f2f87bcc3e8d34494b324b075fed13) Importer(815301076,1909f56bfc062723c751e8b465ee728b)
Start importing Assets/Backrock Studios/LowPoly-Animals/Water/Textures/Shark - v5/sharks _DefaultMaterial_BaseColor.png using Guid(37f2f87bcc3e8d34494b324b075fed13) Importer(815301076,1909f56bfc062723c751e8b465ee728b) [PhysX] Initialized MultithreadedTaskDispatcher with 4 workers.
[PhysX] Initialized MultithreadedTaskDispatcher with 4 workers.
 -> (artifact id: 'bc304bc2623dfb52a32ee21a63ed4997') in 0.024164 seconds
Number of updated asset objects reloaded before import = 0
Number of asset objects unloaded after import = 2
========================================================================
Received Import Request.
  Time since last request: 0.012104 seconds.
  path: Assets/GabrielAguiarProductions/FreeQuickEffectsVol1/Prefabs/vfx_Flamethrower_01.prefab
  artifactKey: Guid(366377810aaf4fc4ab2be725a54c5712) Importer(815301076,1909f56bfc062723c751e8b465ee728b)
Start importing Assets/GabrielAguiarProductions/FreeQuickEffectsVol1/Prefabs/vfx_Flamethrower_01.prefab using Guid(366377810aaf4fc4ab2be725a54c5712) Importer(815301076,1909f56bfc062723c751e8b465ee728b) [PhysX] Initialized MultithreadedTaskDispatcher with 4 workers.
[PhysX] Initialized MultithreadedTaskDispatcher with 4 workers.
 -> (artifact id: '76379209bbc8728f90ff41b7171369a6') in 0.033876 seconds
Number of updated asset objects reloaded before import = 0
Number of asset objects unloaded after import = 18
========================================================================
Received Import Request.
  Time since last request: 0.017016 seconds.
  path: Assets/Unity UI Samples/Textures and Sprites/Rounded UI/UIButtonCorner.png
  artifactKey: Guid(f4c899d39b015484a9b4e5464802e401) Importer(815301076,1909f56bfc062723c751e8b465ee728b)
Start importing Assets/Unity UI Samples/Textures and Sprites/Rounded UI/UIButtonCorner.png using Guid(f4c899d39b015484a9b4e5464802e401) Importer(815301076,1909f56bfc062723c751e8b465ee728b) [PhysX] Initialized MultithreadedTaskDispatcher with 4 workers.
[PhysX] Initialized MultithreadedTaskDispatcher with 4 workers.
 -> (artifact id: 'd5e0c9d2e9c0531ffb4b4b1241b36208') in 0.032310 seconds
Number of updated asset objects reloaded before import = 0
Number of asset objects unloaded after import = 3
========================================================================
Received Import Request.
  Time since last request: 0.022338 seconds.
  path: Assets/Backrock Studios/LowPoly-Animals/Water/Fish_6/Fish_6_Controller.controller
  artifactKey: Guid(f360544a3c40fe940b32e1e1acc3b3a6) Importer(815301076,1909f56bfc062723c751e8b465ee728b)
Start importing Assets/Backrock Studios/LowPoly-Animals/Water/Fish_6/Fish_6_Controller.controller using Guid(f360544a3c40fe940b32e1e1acc3b3a6) Importer(815301076,1909f56bfc062723c751e8b465ee728b) [PhysX] Initialized MultithreadedTaskDispatcher with 4 workers.
 -> (artifact id: 'beeed9b4c44f657c1252a72e3fb7eac5') in 0.011816 seconds
Number of updated asset objects reloaded before import = 0
Number of asset objects unloaded after import = 4
========================================================================
Received Import Request.
  Time since last request: 0.008863 seconds.
  path: Assets/Backrock Studios/LowPoly-Animals/Water/Textures/Shark - v1/sharks _DefaultMaterial_Metallic.png
  artifactKey: Guid(ea25c86775b74b240bf35443dc64c5bb) Importer(815301076,1909f56bfc062723c751e8b465ee728b)
Start importing Assets/Backrock Studios/LowPoly-Animals/Water/Textures/Shark - v1/sharks _DefaultMaterial_Metallic.png using Guid(ea25c86775b74b240bf35443dc64c5bb) Importer(815301076,1909f56bfc062723c751e8b465ee728b) [PhysX] Initialized MultithreadedTaskDispatcher with 4 workers.
[PhysX] Initialized MultithreadedTaskDispatcher with 4 workers.
 -> (artifact id: '705ddd912294282c4565c06e36ae9e54') in 0.019481 seconds
Number of updated asset objects reloaded before import = 0
Number of asset objects unloaded after import = 2
========================================================================
Received Import Request.
  Time since last request: 0.022761 seconds.
  path: Assets/TextMesh Pro/Shaders/TMP_SDF-Surface-Mobile.shader
  artifactKey: Guid(85187c2149c549c5b33f0cdb02836b17) Importer(815301076,1909f56bfc062723c751e8b465ee728b)
Start importing Assets/TextMesh Pro/Shaders/TMP_SDF-Surface-Mobile.shader using Guid(85187c2149c549c5b33f0cdb02836b17) Importer(815301076,1909f56bfc062723c751e8b465ee728b) [PhysX] Initialized MultithreadedTaskDispatcher with 4 workers.
 -> (artifact id: 'bffa232aa4e3baa29520d3e05ed597a3') in 0.002416 seconds
Number of updated asset objects reloaded before import = 0
Number of asset objects unloaded after import = 0
========================================================================
Received Import Request.
  Time since last request: 0.010844 seconds.
  path: Assets/Backrock Studios/LowPoly-Animals/Water/Textures/Fish - v2/fish1_DefaultMaterial_BaseColor.png
  artifactKey: Guid(a1c0829454de0fd489dcb996437366c9) Importer(815301076,1909f56bfc062723c751e8b465ee728b)
Start importing Assets/Backrock Studios/LowPoly-Animals/Water/Textures/Fish - v2/fish1_DefaultMaterial_BaseColor.png using Guid(a1c0829454de0fd489dcb996437366c9) Importer(815301076,1909f56bfc062723c751e8b465ee728b) [PhysX] Initialized MultithreadedTaskDispatcher with 4 workers.
[PhysX] Initialized MultithreadedTaskDispatcher with 4 workers.
 -> (artifact id: '7c957a4d6a7f72e5f9508b6ba8a09b7d') in 0.028526 seconds
Number of updated asset objects reloaded before import = 0
Number of asset objects unloaded after import = 2
========================================================================
Received Import Request.
  Time since last request: 0.095766 seconds.
  path: Assets/Phat Phrog Studios/Ambience - Underwater Worlds/7 - Phat Phrog Studios - Underwater Ambience - 3 Minute.wav
  artifactKey: Guid(4678026343a7e164ca4438d2cc504a60) Importer(815301076,1909f56bfc062723c751e8b465ee728b)
Start importing Assets/Phat Phrog Studios/Ambience - Underwater Worlds/7 - Phat Phrog Studios - Underwater Ambience - 3 Minute.wav using Guid(4678026343a7e164ca4438d2cc504a60) Importer(815301076,1909f56bfc062723c751e8b465ee728b) [PhysX] Initialized MultithreadedTaskDispatcher with 4 workers.
[PhysX] Initialized MultithreadedTaskDispatcher with 4 workers.
 -> (artifact id: '37841a48ba0e982da94b7aaf9eebd5d2') in 1.247376 seconds
Number of updated asset objects reloaded before import = 0
Number of asset objects unloaded after import = 2
========================================================================
Received Import Request.
  Time since last request: 0.008190 seconds.
  path: Assets/Surreal-Skyboxes/readme.txt
  artifactKey: Guid(92e2bc54a93c4ff4ba7d722cf0532308) Importer(815301076,1909f56bfc062723c751e8b465ee728b)
Start importing Assets/Surreal-Skyboxes/readme.txt using Guid(92e2bc54a93c4ff4ba7d722cf0532308) Importer(815301076,1909f56bfc062723c751e8b465ee728b) [PhysX] Initialized MultithreadedTaskDispatcher with 4 workers.
 -> (artifact id: '60e693eabada6811e7667f99dae7056a') in 0.003011 seconds
Number of updated asset objects reloaded before import = 0
Number of asset objects unloaded after import = 1
========================================================================
Received Import Request.
  Time since last request: 0.007810 seconds.
  path: Assets/Backrock Studios/LowPoly-Animals/Prefabs/Shark/Shark_v4.prefab
  artifactKey: Guid(846086ea870abaf4cb145e1ed39cef4a) Importer(815301076,1909f56bfc062723c751e8b465ee728b)
Start importing Assets/Backrock Studios/LowPoly-Animals/Prefabs/Shark/Shark_v4.prefab using Guid(846086ea870abaf4cb145e1ed39cef4a) Importer(815301076,1909f56bfc062723c751e8b465ee728b) [PhysX] Initialized MultithreadedTaskDispatcher with 4 workers.
[PhysX] Initialized MultithreadedTaskDispatcher with 4 workers.
 -> (artifact id: '654ed67884836d0be5e07ebff92a4368') in 0.035698 seconds
Number of updated asset objects reloaded before import = 0
Number of asset objects unloaded after import = 69
========================================================================
Received Import Request.
  Time since last request: 0.021438 seconds.
  path: Assets/Backrock Studios/LowPoly-Animals/Water/Textures/Fish 6 - v2/fish 6_DefaultMaterial_BaseColor.png
  artifactKey: Guid(e35a0fb663cffac4db9e5bf877039a95) Importer(815301076,1909f56bfc062723c751e8b465ee728b)
Start importing Assets/Backrock Studios/LowPoly-Animals/Water/Textures/Fish 6 - v2/fish 6_DefaultMaterial_BaseColor.png using Guid(e35a0fb663cffac4db9e5bf877039a95) Importer(815301076,1909f56bfc062723c751e8b465ee728b) [PhysX] Initialized MultithreadedTaskDispatcher with 4 workers.
[PhysX] Initialized MultithreadedTaskDispatcher with 4 workers.
 -> (artifact id: 'f3c838cab733a4f623255888a5b0cf0a') in 0.020788 seconds
Number of updated asset objects reloaded before import = 0
Number of asset objects unloaded after import = 2
========================================================================
Received Import Request.
  Time since last request: 0.034555 seconds.
  path: Assets/TextMesh Pro/Fonts/LiberationSans - OFL.txt
  artifactKey: Guid(6e59c59b81ab47f9b6ec5781fa725d2c) Importer(815301076,1909f56bfc062723c751e8b465ee728b)
Start importing Assets/TextMesh Pro/Fonts/LiberationSans - OFL.txt using Guid(6e59c59b81ab47f9b6ec5781fa725d2c) Importer(815301076,1909f56bfc062723c751e8b465ee728b) [PhysX] Initialized MultithreadedTaskDispatcher with 4 workers.
 -> (artifact id: 'a4adbfa72b56579610a56d86d09b2249') in 0.002828 seconds
Number of updated asset objects reloaded before import = 0
Number of asset objects unloaded after import = 1
========================================================================
Received Import Request.
  Time since last request: 0.017688 seconds.
  path: Assets/Assets/Sea Shell/seashell_obj.mtl
  artifactKey: Guid(af87b2bd99cdf4141b24f247a7ce3d0e) Importer(815301076,1909f56bfc062723c751e8b465ee728b)
Start importing Assets/Assets/Sea Shell/seashell_obj.mtl using Guid(af87b2bd99cdf4141b24f247a7ce3d0e) Importer(815301076,1909f56bfc062723c751e8b465ee728b) [PhysX] Initialized MultithreadedTaskDispatcher with 4 workers.
 -> (artifact id: '6f8ed794f06aee7bba86da412c043956') in 0.003106 seconds
Number of updated asset objects reloaded before import = 0
Number of asset objects unloaded after import = 1
========================================================================
Received Import Request.
  Time since last request: 0.011713 seconds.
  path: Assets/Assets/jellyfish/scene.bin
  artifactKey: Guid(9f32a13990a9fc4478e43eaa7bce3565) Importer(815301076,1909f56bfc062723c751e8b465ee728b)
Start importing Assets/Assets/jellyfish/scene.bin using Guid(9f32a13990a9fc4478e43eaa7bce3565) Importer(815301076,1909f56bfc062723c751e8b465ee728b) [PhysX] Initialized MultithreadedTaskDispatcher with 4 workers.
 -> (artifact id: '950560943496cd518b6f264c8846d7fb') in 0.005881 seconds
Number of updated asset objects reloaded before import = 0
Number of asset objects unloaded after import = 1
========================================================================
Received Import Request.
  Time since last request: 0.011185 seconds.
  path: Assets/Assets/Sea Shell/seashell_maya2016.mb
  artifactKey: Guid(7853a23ecb4956842a21bfbc2e12e0ca) Importer(815301076,1909f56bfc062723c751e8b465ee728b)
Start importing Assets/Assets/Sea Shell/seashell_maya2016.mb using Guid(7853a23ecb4956842a21bfbc2e12e0ca) Importer(815301076,1909f56bfc062723c751e8b465ee728b) [PhysX] Initialized MultithreadedTaskDispatcher with 4 workers.
 -> (artifact id: '92cbc5af5f221a6e9e15798b9685c959') in 0.003636 seconds
Number of updated asset objects reloaded before import = 0
Number of asset objects unloaded after import = 1
========================================================================
Received Import Request.
  Time since last request: 0.008428 seconds.
  path: Assets/Backrock Studios/LowPoly-Animals/Prefabs/Shark/Shark_v5.prefab
  artifactKey: Guid(22b1319eabac8cc448983d7df76013e2) Importer(815301076,1909f56bfc062723c751e8b465ee728b)
Start importing Assets/Backrock Studios/LowPoly-Animals/Prefabs/Shark/Shark_v5.prefab using Guid(22b1319eabac8cc448983d7df76013e2) Importer(815301076,1909f56bfc062723c751e8b465ee728b) [PhysX] Initialized MultithreadedTaskDispatcher with 4 workers.
[PhysX] Initialized MultithreadedTaskDispatcher with 4 workers.
 -> (artifact id: '258920e7be608c2c0dbf8f162a4f4770') in 0.040215 seconds
Number of updated asset objects reloaded before import = 0
Number of asset objects unloaded after import = 69
========================================================================
Received Import Request.
  Time since last request: 0.006981 seconds.
  path: Assets/Backrock Studios/LowPoly-Animals/Water/Textures/Fish - v1/fish1_DefaultMaterial_Normal.png
  artifactKey: Guid(b20aee915d235aa4ab45e07034204602) Importer(815301076,1909f56bfc062723c751e8b465ee728b)
Start importing Assets/Backrock Studios/LowPoly-Animals/Water/Textures/Fish - v1/fish1_DefaultMaterial_Normal.png using Guid(b20aee915d235aa4ab45e07034204602) Importer(815301076,1909f56bfc062723c751e8b465ee728b) [PhysX] Initialized MultithreadedTaskDispatcher with 4 workers.
[PhysX] Initialized MultithreadedTaskDispatcher with 4 workers.
 -> (artifact id: '8722150943cc1a8bacd3be5441b6bf7a') in 0.024936 seconds
Number of updated asset objects reloaded before import = 0
Number of asset objects unloaded after import = 2
========================================================================
Received Import Request.
  Time since last request: 0.028880 seconds.
  path: Assets/Backrock Studios/LowPoly-Animals/Prefabs/Fish-5/fish_5_v2.prefab
  artifactKey: Guid(c8638163435be7a46bcfa5a523dada7d) Importer(815301076,1909f56bfc062723c751e8b465ee728b)
Start importing Assets/Backrock Studios/LowPoly-Animals/Prefabs/Fish-5/fish_5_v2.prefab using Guid(c8638163435be7a46bcfa5a523dada7d) Importer(815301076,1909f56bfc062723c751e8b465ee728b) [PhysX] Initialized MultithreadedTaskDispatcher with 4 workers.
[PhysX] Initialized MultithreadedTaskDispatcher with 4 workers.
 -> (artifact id: '64168574762241e2a8c1be115a2fbd44') in 0.044798 seconds
Number of updated asset objects reloaded before import = 0
Number of asset objects unloaded after import = 79
========================================================================
Received Import Request.
  Time since last request: 0.010228 seconds.
  path: Assets/Unity UI Samples/Animation/Settings/Closed.anim
  artifactKey: Guid(80ddf32a802416047aba2ba7b4872768) Importer(815301076,1909f56bfc062723c751e8b465ee728b)
Start importing Assets/Unity UI Samples/Animation/Settings/Closed.anim using Guid(80ddf32a802416047aba2ba7b4872768) Importer(815301076,1909f56bfc062723c751e8b465ee728b) [PhysX] Initialized MultithreadedTaskDispatcher with 4 workers.
 -> (artifact id: 'a79af91069492e7e424ea4974449fff2') in 0.003662 seconds
Number of updated asset objects reloaded before import = 0
Number of asset objects unloaded after import = 1
========================================================================
Received Import Request.
  Time since last request: 0.012285 seconds.
  path: Assets/Jiggly Bubble Free/Scenes/default_scene.unity
  artifactKey: Guid(5dfef0b71adcd15489648c649dd26e23) Importer(815301076,1909f56bfc062723c751e8b465ee728b)
Start importing Assets/Jiggly Bubble Free/Scenes/default_scene.unity using Guid(5dfef0b71adcd15489648c649dd26e23) Importer(815301076,1909f56bfc062723c751e8b465ee728b) [PhysX] Initialized MultithreadedTaskDispatcher with 4 workers.
 -> (artifact id: '325984eed864caad4681b2defc2b1a5b') in 0.005031 seconds
Number of updated asset objects reloaded before import = 0
Number of asset objects unloaded after import = 0
========================================================================
Received Import Request.
  Time since last request: 0.018893 seconds.
  path: Assets/TextMesh Pro/Shaders/TMP_SDF-Surface.shader
  artifactKey: Guid(f7ada0af4f174f0694ca6a487b8f543d) Importer(815301076,1909f56bfc062723c751e8b465ee728b)
Start importing Assets/TextMesh Pro/Shaders/TMP_SDF-Surface.shader using Guid(f7ada0af4f174f0694ca6a487b8f543d) Importer(815301076,1909f56bfc062723c751e8b465ee728b) [PhysX] Initialized MultithreadedTaskDispatcher with 4 workers.
 -> (artifact id: '01dfc8da173ae3ce63d6aff6f88c0aa2') in 0.002392 seconds
Number of updated asset objects reloaded before import = 0
Number of asset objects unloaded after import = 0
========================================================================
Received Import Request.
  Time since last request: 0.017384 seconds.
  path: Assets/Backrock Studios/LowPoly-Animals/Prefabs/Fish-6/Fish_6_v5.prefab
  artifactKey: Guid(775ea8698569bbf4d966f73d07ad223e) Importer(815301076,1909f56bfc062723c751e8b465ee728b)
Start importing Assets/Backrock Studios/LowPoly-Animals/Prefabs/Fish-6/Fish_6_v5.prefab using Guid(775ea8698569bbf4d966f73d07ad223e) Importer(815301076,1909f56bfc062723c751e8b465ee728b) [PhysX] Initialized MultithreadedTaskDispatcher with 4 workers.
[PhysX] Initialized MultithreadedTaskDispatcher with 4 workers.
 -> (artifact id: '9ad69f9f8b255fa327453a63b2b88016') in 0.040132 seconds
Number of updated asset objects reloaded before import = 0
Number of asset objects unloaded after import = 181
========================================================================
Received Import Request.
  Time since last request: 0.004867 seconds.
  path: Assets/Backrock Studios/LowPoly-Animals/Water/Textures/Shark - v2/sharks _DefaultMaterial_Normal.png
  artifactKey: Guid(d290db8ae0d1d7f4abcd1ddccab771a8) Importer(815301076,1909f56bfc062723c751e8b465ee728b)
Start importing Assets/Backrock Studios/LowPoly-Animals/Water/Textures/Shark - v2/sharks _DefaultMaterial_Normal.png using Guid(d290db8ae0d1d7f4abcd1ddccab771a8) Importer(815301076,1909f56bfc062723c751e8b465ee728b) [PhysX] Initialized MultithreadedTaskDispatcher with 4 workers.
[PhysX] Initialized MultithreadedTaskDispatcher with 4 workers.
 -> (artifact id: '469f5db3e4c7d334d902b16dfcaf29a9') in 0.035526 seconds
Number of updated asset objects reloaded before import = 0
Number of asset objects unloaded after import = 2
========================================================================
Received Import Request.
  Time since last request: 0.032404 seconds.
  path: Assets/Backrock Studios/LowPoly-Animals/Water/Textures/Fish 6 - v3/fish 6_DefaultMaterial_BaseColor.png
  artifactKey: Guid(373ff70b2c1a9f6448a9070543141516) Importer(815301076,1909f56bfc062723c751e8b465ee728b)
Start importing Assets/Backrock Studios/LowPoly-Animals/Water/Textures/Fish 6 - v3/fish 6_DefaultMaterial_BaseColor.png using Guid(373ff70b2c1a9f6448a9070543141516) Importer(815301076,1909f56bfc062723c751e8b465ee728b) [PhysX] Initialized MultithreadedTaskDispatcher with 4 workers.
[PhysX] Initialized MultithreadedTaskDispatcher with 4 workers.
 -> (artifact id: '95f59f23d9cb0303128698b69fae494b') in 0.020059 seconds
Number of updated asset objects reloaded before import = 0
Number of asset objects unloaded after import = 2
========================================================================
Received Import Request.
  Time since last request: 0.010851 seconds.
  path: Assets/Unity UI Samples/Textures and Sprites/Rounded UI/UIPanel.png
  artifactKey: Guid(935962ddb1e44499dad00e5ca6b38823) Importer(815301076,1909f56bfc062723c751e8b465ee728b)
Start importing Assets/Unity UI Samples/Textures and Sprites/Rounded UI/UIPanel.png using Guid(935962ddb1e44499dad00e5ca6b38823) Importer(815301076,1909f56bfc062723c751e8b465ee728b) [PhysX] Initialized MultithreadedTaskDispatcher with 4 workers.
[PhysX] Initialized MultithreadedTaskDispatcher with 4 workers.
 -> (artifact id: 'aa69400dc805c49edb42ee310e58d901') in 0.027651 seconds
Number of updated asset objects reloaded before import = 0
Number of asset objects unloaded after import = 3
========================================================================
Received Import Request.
  Time since last request: 0.044754 seconds.
  path: Assets/Surreal-Skyboxes/Textures/desert.png
  artifactKey: Guid(90f7e1063fd42eb4fb38ff9235e95fda) Importer(815301076,1909f56bfc062723c751e8b465ee728b)
Start importing Assets/Surreal-Skyboxes/Textures/desert.png using Guid(90f7e1063fd42eb4fb38ff9235e95fda) Importer(815301076,1909f56bfc062723c751e8b465ee728b) [PhysX] Initialized MultithreadedTaskDispatcher with 4 workers.
[PhysX] Initialized MultithreadedTaskDispatcher with 4 workers.
 -> (artifact id: '3f8da25437c3eb0d189d6a1cd73a7ad3') in 0.020709 seconds
Number of updated asset objects reloaded before import = 0
Number of asset objects unloaded after import = 2
========================================================================
Received Import Request.
  Time since last request: 0.023242 seconds.
  path: Assets/Backrock Studios/LowPoly-Animals/Water/Textures/Fish - v4/fish1_DefaultMaterial_Metallic.png
  artifactKey: Guid(c4c9f0753bcadf849b8b5a75af282452) Importer(815301076,1909f56bfc062723c751e8b465ee728b)
Start importing Assets/Backrock Studios/LowPoly-Animals/Water/Textures/Fish - v4/fish1_DefaultMaterial_Metallic.png using Guid(c4c9f0753bcadf849b8b5a75af282452) Importer(815301076,1909f56bfc062723c751e8b465ee728b) [PhysX] Initialized MultithreadedTaskDispatcher with 4 workers.
[PhysX] Initialized MultithreadedTaskDispatcher with 4 workers.
 -> (artifact id: 'e699f2eea83b443727ea8ff31c460dc9') in 0.030411 seconds
Number of updated asset objects reloaded before import = 0
Number of asset objects unloaded after import = 2
========================================================================
Received Import Request.
  Time since last request: 0.010071 seconds.
  path: Assets/Assets/jellyfish/license.txt
  artifactKey: Guid(417432531b57bdf4baea8a180373c790) Importer(815301076,1909f56bfc062723c751e8b465ee728b)
Start importing Assets/Assets/jellyfish/license.txt using Guid(417432531b57bdf4baea8a180373c790) Importer(815301076,1909f56bfc062723c751e8b465ee728b) [PhysX] Initialized MultithreadedTaskDispatcher with 4 workers.
 -> (artifact id: '59dc28cb1631cb6e8fbb185b0aee36ec') in 0.002444 seconds
Number of updated asset objects reloaded before import = 0
Number of asset objects unloaded after import = 1
========================================================================
Received Import Request.
  Time since last request: 0.011619 seconds.
  path: Assets/Backrock Studios/LowPoly-Animals/Water/Textures/Fish 2 - v3/fish 2_Material.001_BaseColor.png
  artifactKey: Guid(38bfe9d11e7d496419059da9cae30251) Importer(815301076,1909f56bfc062723c751e8b465ee728b)
Start importing Assets/Backrock Studios/LowPoly-Animals/Water/Textures/Fish 2 - v3/fish 2_Material.001_BaseColor.png using Guid(38bfe9d11e7d496419059da9cae30251) Importer(815301076,1909f56bfc062723c751e8b465ee728b) [PhysX] Initialized MultithreadedTaskDispatcher with 4 workers.
[PhysX] Initialized MultithreadedTaskDispatcher with 4 workers.
 -> (artifact id: '2bce8e545c5cca7a03eacbf705499e56') in 0.022258 seconds
Number of updated asset objects reloaded before import = 0
Number of asset objects unloaded after import = 2
========================================================================
Received Import Request.
  Time since last request: 0.011686 seconds.
  path: Assets/Backrock Studios/LowPoly-Animals/Water/Textures/Fish - v3/fish1_DefaultMaterial_BaseColor.png
  artifactKey: Guid(0ee786997647b854284b656160a79072) Importer(815301076,1909f56bfc062723c751e8b465ee728b)
Start importing Assets/Backrock Studios/LowPoly-Animals/Water/Textures/Fish - v3/fish1_DefaultMaterial_BaseColor.png using Guid(0ee786997647b854284b656160a79072) Importer(815301076,1909f56bfc062723c751e8b465ee728b) [PhysX] Initialized MultithreadedTaskDispatcher with 4 workers.
[PhysX] Initialized MultithreadedTaskDispatcher with 4 workers.
 -> (artifact id: '05546772b343fae2f01dcc88732d1d71') in 0.021886 seconds
Number of updated asset objects reloaded before import = 0
Number of asset objects unloaded after import = 2
========================================================================
Received Import Request.
  Time since last request: 0.009075 seconds.
  path: Assets/Unity UI Samples/Animation/Settings/SettingsMenu.controller
  artifactKey: Guid(8012ff454d5542d42b8e21afcc52ee2f) Importer(815301076,1909f56bfc062723c751e8b465ee728b)
Start importing Assets/Unity UI Samples/Animation/Settings/SettingsMenu.controller using Guid(8012ff454d5542d42b8e21afcc52ee2f) Importer(815301076,1909f56bfc062723c751e8b465ee728b) [PhysX] Initialized MultithreadedTaskDispatcher with 4 workers.
 -> (artifact id: 'e6da7a3755d0c80be7f3e2bccd2f77c1') in 0.006423 seconds
Number of updated asset objects reloaded before import = 0
Number of asset objects unloaded after import = 8
========================================================================
Received Import Request.
  Time since last request: 0.012101 seconds.
  path: Assets/Backrock Studios/LowPoly-Animals/Water/Textures/Fish 4 - v4/fish 4_DefaultMaterial_BaseColor.png
  artifactKey: Guid(e588e5d8f8ad3ee45b090f67f69b46a6) Importer(815301076,1909f56bfc062723c751e8b465ee728b)
Start importing Assets/Backrock Studios/LowPoly-Animals/Water/Textures/Fish 4 - v4/fish 4_DefaultMaterial_BaseColor.png using Guid(e588e5d8f8ad3ee45b090f67f69b46a6) Importer(815301076,1909f56bfc062723c751e8b465ee728b) [PhysX] Initialized MultithreadedTaskDispatcher with 4 workers.
[PhysX] Initialized MultithreadedTaskDispatcher with 4 workers.
 -> (artifact id: 'f152a07497c011d8b2831ab5d982e23d') in 0.025235 seconds
Number of updated asset objects reloaded before import = 0
Number of asset objects unloaded after import = 2
========================================================================
Received Import Request.
  Time since last request: 0.026279 seconds.
  path: Assets/Backrock Studios/LowPoly-Animals/Water/Textures/Shark - v3/sharks _DefaultMaterial_Roughness.png
  artifactKey: Guid(68d557237d497f740a851b007d9071e4) Importer(815301076,1909f56bfc062723c751e8b465ee728b)
Start importing Assets/Backrock Studios/LowPoly-Animals/Water/Textures/Shark - v3/sharks _DefaultMaterial_Roughness.png using Guid(68d557237d497f740a851b007d9071e4) Importer(815301076,1909f56bfc062723c751e8b465ee728b) [PhysX] Initialized MultithreadedTaskDispatcher with 4 workers.
[PhysX] Initialized MultithreadedTaskDispatcher with 4 workers.
 -> (artifact id: '473f9a02d9aff51ea2fc2e68499cb7f9') in 0.033431 seconds
Number of updated asset objects reloaded before import = 0
Number of asset objects unloaded after import = 2
========================================================================
Received Import Request.
  Time since last request: 0.015123 seconds.
  path: Assets/Backrock Studios/LowPoly-Animals/Water/Textures/Fish - v5/fish1_DefaultMaterial_Roughness.png
  artifactKey: Guid(3e067f704fc1be9459f786387d43aa17) Importer(815301076,1909f56bfc062723c751e8b465ee728b)
Start importing Assets/Backrock Studios/LowPoly-Animals/Water/Textures/Fish - v5/fish1_DefaultMaterial_Roughness.png using Guid(3e067f704fc1be9459f786387d43aa17) Importer(815301076,1909f56bfc062723c751e8b465ee728b) [PhysX] Initialized MultithreadedTaskDispatcher with 4 workers.
[PhysX] Initialized MultithreadedTaskDispatcher with 4 workers.
 -> (artifact id: '6f2bf71c12cedd9dd28c98657b4e4b59') in 0.022419 seconds
Number of updated asset objects reloaded before import = 0
Number of asset objects unloaded after import = 2
========================================================================
Received Import Request.
  Time since last request: 0.010004 seconds.
  path: Assets/Surreal-Skyboxes/Snow_Village_Demo.unity
  artifactKey: Guid(068023e3761c8ea42835bcebb93fc088) Importer(815301076,1909f56bfc062723c751e8b465ee728b)
Start importing Assets/Surreal-Skyboxes/Snow_Village_Demo.unity using Guid(068023e3761c8ea42835bcebb93fc088) Importer(815301076,1909f56bfc062723c751e8b465ee728b) [PhysX] Initialized MultithreadedTaskDispatcher with 4 workers.
 -> (artifact id: 'f6aca02122563811f63cac9694916df7') in 0.002069 seconds
Number of updated asset objects reloaded before import = 0
Number of asset objects unloaded after import = 0
========================================================================
Received Import Request.
  Time since last request: 0.007986 seconds.
  path: Assets/Unity UI Samples/Animation/MainMenu/Open.anim
  artifactKey: Guid(b4cc44d390fb3b442a5aa52028754572) Importer(815301076,1909f56bfc062723c751e8b465ee728b)
Start importing Assets/Unity UI Samples/Animation/MainMenu/Open.anim using Guid(b4cc44d390fb3b442a5aa52028754572) Importer(815301076,1909f56bfc062723c751e8b465ee728b) [PhysX] Initialized MultithreadedTaskDispatcher with 4 workers.
 -> (artifact id: 'e53446b589c5c983f23bcc9f2b399927') in 0.002590 seconds
Number of updated asset objects reloaded before import = 0
Number of asset objects unloaded after import = 1
========================================================================
Received Import Request.
  Time since last request: 0.008927 seconds.
  path: Assets/Backrock Studios/LowPoly-Animals/Water/Fish_3/Fish_3_Swim_clip.anim
  artifactKey: Guid(8f49397785a8e6d4ca05612798787407) Importer(815301076,1909f56bfc062723c751e8b465ee728b)
Start importing Assets/Backrock Studios/LowPoly-Animals/Water/Fish_3/Fish_3_Swim_clip.anim using Guid(8f49397785a8e6d4ca05612798787407) Importer(815301076,1909f56bfc062723c751e8b465ee728b) [PhysX] Initialized MultithreadedTaskDispatcher with 4 workers.
 -> (artifact id: '65b6ab3f7420ea9912817754a6cebb3d') in 0.006036 seconds
Number of updated asset objects reloaded before import = 0
Number of asset objects unloaded after import = 1
========================================================================
Received Import Request.
  Time since last request: 0.062045 seconds.
  path: Assets/Surreal-Skyboxes/Textures/hills_art_sunset.png
  artifactKey: Guid(2ff6b257c27ece146a7559147047573f) Importer(815301076,1909f56bfc062723c751e8b465ee728b)
Start importing Assets/Surreal-Skyboxes/Textures/hills_art_sunset.png using Guid(2ff6b257c27ece146a7559147047573f) Importer(815301076,1909f56bfc062723c751e8b465ee728b) [PhysX] Initialized MultithreadedTaskDispatcher with 4 workers.
[PhysX] Initialized MultithreadedTaskDispatcher with 4 workers.
 -> (artifact id: '27dbf194800ee265975e17b1b7206511') in 0.024364 seconds
Number of updated asset objects reloaded before import = 0
Number of asset objects unloaded after import = 2
========================================================================
Received Import Request.
  Time since last request: 0.010479 seconds.
  path: Assets/Unity UI Samples/Textures and Sprites/Lit UI/UISpriteNormal.psd
  artifactKey: Guid(91207f32a007d429180caa8fce010afd) Importer(815301076,1909f56bfc062723c751e8b465ee728b)
Start importing Assets/Unity UI Samples/Textures and Sprites/Lit UI/UISpriteNormal.psd using Guid(91207f32a007d429180caa8fce010afd) Importer(815301076,1909f56bfc062723c751e8b465ee728b) [PhysX] Initialized MultithreadedTaskDispatcher with 4 workers.
[PhysX] Initialized MultithreadedTaskDispatcher with 4 workers.
 -> (artifact id: '84d441bac3fb6db6e35ccae34ba5c698') in 0.012992 seconds
Number of updated asset objects reloaded before import = 0
Number of asset objects unloaded after import = 2
========================================================================
Received Import Request.
  Time since last request: 0.095548 seconds.
  path: Assets/Surreal-Skyboxes/Textures/mountains_art.png
  artifactKey: Guid(2c04546403e61614db4992e1b462bd75) Importer(815301076,1909f56bfc062723c751e8b465ee728b)
Start importing Assets/Surreal-Skyboxes/Textures/mountains_art.png using Guid(2c04546403e61614db4992e1b462bd75) Importer(815301076,1909f56bfc062723c751e8b465ee728b) [PhysX] Initialized MultithreadedTaskDispatcher with 4 workers.
[PhysX] Initialized MultithreadedTaskDispatcher with 4 workers.
 -> (artifact id: '48f0db58b85e61ca18ca803c9bfd0982') in 0.060180 seconds
Number of updated asset objects reloaded before import = 0
Number of asset objects unloaded after import = 2
========================================================================
Received Import Request.
  Time since last request: 0.084559 seconds.
  path: Assets/Surreal-Skyboxes/Textures/space.png
  artifactKey: Guid(6670c56d85b79af4fa6c8885bacbfecf) Importer(815301076,1909f56bfc062723c751e8b465ee728b)
Start importing Assets/Surreal-Skyboxes/Textures/space.png using Guid(6670c56d85b79af4fa6c8885bacbfecf) Importer(815301076,1909f56bfc062723c751e8b465ee728b) [PhysX] Initialized MultithreadedTaskDispatcher with 4 workers.
[PhysX] Initialized MultithreadedTaskDispatcher with 4 workers.
 -> (artifact id: 'dfbd9a2e201d3eb132ef0d85d2abd399') in 0.035716 seconds
Number of updated asset objects reloaded before import = 0
Number of asset objects unloaded after import = 2
========================================================================
Received Import Request.
  Time since last request: 0.025933 seconds.
  path: Assets/Unity UI Samples/Textures and Sprites/Decoration/Unity Logo Unlit.psd
  artifactKey: Guid(1182605a67e89c34996a4dff4126aa0c) Importer(815301076,1909f56bfc062723c751e8b465ee728b)
Start importing Assets/Unity UI Samples/Textures and Sprites/Decoration/Unity Logo Unlit.psd using Guid(1182605a67e89c34996a4dff4126aa0c) Importer(815301076,1909f56bfc062723c751e8b465ee728b) [PhysX] Initialized MultithreadedTaskDispatcher with 4 workers.
[PhysX] Initialized MultithreadedTaskDispatcher with 4 workers.
 -> (artifact id: '71ea14e7285351957b1d98e58d0d6570') in 0.046194 seconds
Number of updated asset objects reloaded before import = 0
Number of asset objects unloaded after import = 3
========================================================================
Received Import Request.
  Time since last request: 0.010577 seconds.
  path: Assets/Jiggly Bubble Free/Prefabs/Particle jiggly bubble soapy.prefab
  artifactKey: Guid(0d1adb20421ed664b800c8cf3d103e70) Importer(815301076,1909f56bfc062723c751e8b465ee728b)
Start importing Assets/Jiggly Bubble Free/Prefabs/Particle jiggly bubble soapy.prefab using Guid(0d1adb20421ed664b800c8cf3d103e70) Importer(815301076,1909f56bfc062723c751e8b465ee728b) [PhysX] Initialized MultithreadedTaskDispatcher with 4 workers.
[PhysX] Initialized MultithreadedTaskDispatcher with 4 workers.
 -> (artifact id: 'abb4f4851f8c655a5ab256a05228bf44') in 0.037152 seconds
Number of updated asset objects reloaded before import = 0
Number of asset objects unloaded after import = 12
========================================================================
Received Import Request.
  Time since last request: 0.009071 seconds.
  path: Assets/Backrock Studios/LowPoly-Animals/Water/Textures/Shark - v3/sharks _DefaultMaterial_Emissive.png
  artifactKey: Guid(e5a83d43bb00ccf4f882545f7462b4d2) Importer(815301076,1909f56bfc062723c751e8b465ee728b)
Start importing Assets/Backrock Studios/LowPoly-Animals/Water/Textures/Shark - v3/sharks _DefaultMaterial_Emissive.png using Guid(e5a83d43bb00ccf4f882545f7462b4d2) Importer(815301076,1909f56bfc062723c751e8b465ee728b) [PhysX] Initialized MultithreadedTaskDispatcher with 4 workers.
[PhysX] Initialized MultithreadedTaskDispatcher with 4 workers.
 -> (artifact id: '2ba53b5b4fe4f75cb96dc7fee6c2f17c') in 0.019496 seconds
Number of updated asset objects reloaded before import = 0
Number of asset objects unloaded after import = 2
========================================================================
Received Import Request.
  Time since last request: 0.011294 seconds.
  path: Assets/Backrock Studios/LowPoly-Animals/Water/Textures/Dolphin-v5/dolphin_lambert1_BaseColor.png
  artifactKey: Guid(0f28cb30a71af1e47a41892ac595eed0) Importer(815301076,1909f56bfc062723c751e8b465ee728b)
Start importing Assets/Backrock Studios/LowPoly-Animals/Water/Textures/Dolphin-v5/dolphin_lambert1_BaseColor.png using Guid(0f28cb30a71af1e47a41892ac595eed0) Importer(815301076,1909f56bfc062723c751e8b465ee728b) [PhysX] Initialized MultithreadedTaskDispatcher with 4 workers.
[PhysX] Initialized MultithreadedTaskDispatcher with 4 workers.
 -> (artifact id: '30d109d553e88c8c10c4f312073094dc') in 0.025924 seconds
Number of updated asset objects reloaded before import = 0
Number of asset objects unloaded after import = 2
========================================================================
Received Import Request.
  Time since last request: 0.010676 seconds.
  path: Assets/Backrock Studios/LowPoly-Animals/Water/Textures/Fish - v3/fish1_DefaultMaterial_Emissive.png
  artifactKey: Guid(8401a5286048d1744a4e3067e44012ab) Importer(815301076,1909f56bfc062723c751e8b465ee728b)
Start importing Assets/Backrock Studios/LowPoly-Animals/Water/Textures/Fish - v3/fish1_DefaultMaterial_Emissive.png using Guid(8401a5286048d1744a4e3067e44012ab) Importer(815301076,1909f56bfc062723c751e8b465ee728b) [PhysX] Initialized MultithreadedTaskDispatcher with 4 workers.
[PhysX] Initialized MultithreadedTaskDispatcher with 4 workers.
 -> (artifact id: 'a53bb7a082e01ea55f56715035a34d73') in 0.023966 seconds
Number of updated asset objects reloaded before import = 0
Number of asset objects unloaded after import = 2
========================================================================
Received Import Request.
  Time since last request: 0.009665 seconds.
  path: Assets/Unity UI Samples/Textures and Sprites/SF UI/Background/LICENSE.txt
  artifactKey: Guid(c31676a79c05841fb82b113e2fb3d45c) Importer(815301076,1909f56bfc062723c751e8b465ee728b)
Start importing Assets/Unity UI Samples/Textures and Sprites/SF UI/Background/LICENSE.txt using Guid(c31676a79c05841fb82b113e2fb3d45c) Importer(815301076,1909f56bfc062723c751e8b465ee728b) [PhysX] Initialized MultithreadedTaskDispatcher with 4 workers.
 -> (artifact id: '69682cc27e8b1fce28ad30bf88a6b7f8') in 0.003921 seconds
Number of updated asset objects reloaded before import = 0
Number of asset objects unloaded after import = 1
========================================================================
Received Import Request.
  Time since last request: 0.009000 seconds.
  path: Assets/Unity UI Samples/Textures and Sprites/SF UI/SF Generic.psd
  artifactKey: Guid(1f1d5baae1d26404a8a639a07e5c7766) Importer(815301076,1909f56bfc062723c751e8b465ee728b)
Start importing Assets/Unity UI Samples/Textures and Sprites/SF UI/SF Generic.psd using Guid(1f1d5baae1d26404a8a639a07e5c7766) Importer(815301076,1909f56bfc062723c751e8b465ee728b) [PhysX] Initialized MultithreadedTaskDispatcher with 4 workers.
[PhysX] Initialized MultithreadedTaskDispatcher with 4 workers.
 -> (artifact id: '76f86e304e1a4bf13b90c34def510657') in 0.024067 seconds
Number of updated asset objects reloaded before import = 0
Number of asset objects unloaded after import = 3
========================================================================
Received Import Request.
  Time since last request: 0.022014 seconds.
  path: Assets/GabrielAguiarProductions/FreeQuickEffectsVol1/Prefabs/vfx_Smoke_01.prefab
  artifactKey: Guid(57970c6bb711ec24b8d98424b1806f3b) Importer(815301076,1909f56bfc062723c751e8b465ee728b)
Start importing Assets/GabrielAguiarProductions/FreeQuickEffectsVol1/Prefabs/vfx_Smoke_01.prefab using Guid(57970c6bb711ec24b8d98424b1806f3b) Importer(815301076,1909f56bfc062723c751e8b465ee728b) [PhysX] Initialized MultithreadedTaskDispatcher with 4 workers.
[PhysX] Initialized MultithreadedTaskDispatcher with 4 workers.
 -> (artifact id: 'a60747d71bfd0c1b515abe03b744800c') in 0.029756 seconds
Number of updated asset objects reloaded before import = 0
Number of asset objects unloaded after import = 8
========================================================================
Received Prepare
Caller must complete domain reload
Begin MonoManager ReloadAssembly
- Loaded All Assemblies, in  3.929 seconds
Native extension for WindowsStandalone target not found
Native extension for WebGL target not found
Mono: successfully reloaded assembly
- Finished resetting the current domain, in 20.243 seconds
Domain Reload Profiling: 24163ms
	BeginReloadAssembly (501ms)
		ExecutionOrderSort (0ms)
		DisableScriptedObjects (14ms)
		BackupInstance (0ms)
		ReleaseScriptingObjects (0ms)
		CreateAndSetChildDomain (79ms)
	RebuildCommonClasses (166ms)
	RebuildNativeTypeToScriptingClass (72ms)
	initialDomainReloadingComplete (127ms)
	LoadAllAssembliesAndSetupDomain (3053ms)
		LoadAssemblies (2957ms)
		RebuildTransferFunctionScriptingTraits (0ms)
		AnalyzeDomain (344ms)
			TypeCache.Refresh (205ms)
				TypeCache.ScanAssembly (0ms)
			ScanForSourceGeneratedMonoScriptInfo (4ms)
			ResolveRequiredComponents (119ms)
	FinalizeReload (20244ms)
		ReleaseScriptCaches (0ms)
		RebuildScriptCaches (0ms)
		SetupLoadedEditorAssemblies (1090ms)
			LogAssemblyErrors (0ms)
			InitializePlatformSupportModulesInManaged (22ms)
			SetLoadedEditorAssemblies (9ms)
			RefreshPlugins (0ms)
			BeforeProcessingInitializeOnLoad (143ms)
			ProcessInitializeOnLoadAttributes (831ms)
			ProcessInitializeOnLoadMethodAttributes (51ms)
			AfterProcessingInitializeOnLoad (35ms)
			EditorAssembliesLoaded (0ms)
		ExecutionOrderSort2 (0ms)
		AwakeInstancesAfterBackupRestoration (21ms)
Refreshing native plugins compatible for Editor in 37.83 ms, found 3 plugins.
Preloading 0 native plugins for Editor in 0.00 ms.
Unloading 3250 Unused Serialized files (Serialized files now loaded: 0)
Unloading 16 unused Assets / (29.6 KB). Loaded Objects now: 3796.
Memory consumption went from 210.0 MB to 209.9 MB.
Total: 11.676000 ms (FindLiveObjects: 0.751900 ms CreateObjectMapping: 0.626900 ms MarkObjects: 10.182600 ms  DeleteObjects: 0.112100 ms)

Prepare: number of updated asset objects reloaded= 15
AssetImportParameters requested are different than current active one (requested -> active):
  custom:container-demuxer-ogg: 62fdf1f143b41e24485cea50d1cbac27 -> 
  custom:video-decoder-ogg-theora: a1e56fd34408186e4bbccfd4996cb3dc -> 
  custom:framework-win-MediaFoundation: 216162199b28c13a410421893ffa2e32 -> 
  custom:CustomObjectIndexerAttribute: 9a22284fe3817be447336de3de66b15e -> 
  custom:container-demuxer-webm: 4f35f7cbe854078d1ac9338744f61a02 -> 
  custom:container-muxer-webm: aa71ff27fc2769a1b78a27578f13a17b -> 
  custom:video-decoder-webm-vp8: 9c59270c3fd7afecdb556c50c9e8de78 -> 
  custom:SearchIndexIgnoredProperties: e643bd26f0fe6173181afceb89e7c659 -> 
  custom:AudioImporter_EditorPlatform: d09bf68614088b80899f8185d706f6e7 -> 
  custom:video-encoder-webm-vp8: eb34c28f22e8b96e1ab97ce403110664 -> 
  custom:audio-decoder-ogg-vorbis: bf7c407c2cedff20999df2af8eb42d56 -> 
  custom:audio-encoder-webm-vorbis: bf7c407c2cedff20999df2af8eb42d56 -> 
========================================================================
Received Prepare
Caller must complete domain reload
Begin MonoManager ReloadAssembly
- Loaded All Assemblies, in  1.506 seconds
Native extension for WindowsStandalone target not found
Native extension for WebGL target not found
Mono: successfully reloaded assembly
- Finished resetting the current domain, in 12.156 seconds
Domain Reload Profiling: 13678ms
	BeginReloadAssembly (385ms)
		ExecutionOrderSort (0ms)
		DisableScriptedObjects (13ms)
		BackupInstance (0ms)
		ReleaseScriptingObjects (0ms)
		CreateAndSetChildDomain (71ms)
	RebuildCommonClasses (96ms)
	RebuildNativeTypeToScriptingClass (44ms)
	initialDomainReloadingComplete (127ms)
	LoadAllAssembliesAndSetupDomain (870ms)
		LoadAssemblies (959ms)
		RebuildTransferFunctionScriptingTraits (0ms)
		AnalyzeDomain (123ms)
			TypeCache.Refresh (50ms)
				TypeCache.ScanAssembly (0ms)
			ScanForSourceGeneratedMonoScriptInfo (1ms)
			ResolveRequiredComponents (55ms)
	FinalizeReload (12157ms)
		ReleaseScriptCaches (0ms)
		RebuildScriptCaches (0ms)
		SetupLoadedEditorAssemblies (3937ms)
			LogAssemblyErrors (0ms)
			InitializePlatformSupportModulesInManaged (69ms)
			SetLoadedEditorAssemblies (29ms)
			RefreshPlugins (0ms)
			BeforeProcessingInitializeOnLoad (1052ms)
			ProcessInitializeOnLoadAttributes (2479ms)
			ProcessInitializeOnLoadMethodAttributes (188ms)
			AfterProcessingInitializeOnLoad (120ms)
			EditorAssembliesLoaded (0ms)
		ExecutionOrderSort2 (0ms)
		AwakeInstancesAfterBackupRestoration (93ms)
Refreshing native plugins compatible for Editor in 49.72 ms, found 3 plugins.
Preloading 0 native plugins for Editor in 0.00 ms.
Unloading 3251 Unused Serialized files (Serialized files now loaded: 0)
Unloading 14 unused Assets / (28.5 KB). Loaded Objects now: 3784.
Memory consumption went from 209.4 MB to 209.3 MB.
Total: 29.291000 ms (FindLiveObjects: 0.619000 ms CreateObjectMapping: 0.505900 ms MarkObjects: 28.089400 ms  DeleteObjects: 0.074400 ms)

Prepare: number of updated asset objects reloaded= 0
AssetImportParameters requested are different than current active one (requested -> active):
  custom:container-demuxer-ogg: 62fdf1f143b41e24485cea50d1cbac27 -> 
  custom:video-decoder-ogg-theora: a1e56fd34408186e4bbccfd4996cb3dc -> 
  custom:framework-win-MediaFoundation: 216162199b28c13a410421893ffa2e32 -> 
  custom:CustomObjectIndexerAttribute: 9a22284fe3817be447336de3de66b15e -> 
  custom:container-demuxer-webm: 4f35f7cbe854078d1ac9338744f61a02 -> 
  custom:container-muxer-webm: aa71ff27fc2769a1b78a27578f13a17b -> 
  custom:video-decoder-webm-vp8: 9c59270c3fd7afecdb556c50c9e8de78 -> 
  custom:SearchIndexIgnoredProperties: e643bd26f0fe6173181afceb89e7c659 -> 
  custom:AudioImporter_EditorPlatform: d09bf68614088b80899f8185d706f6e7 -> 
  custom:video-encoder-webm-vp8: eb34c28f22e8b96e1ab97ce403110664 -> 
  custom:audio-decoder-ogg-vorbis: bf7c407c2cedff20999df2af8eb42d56 -> 
  custom:audio-encoder-webm-vorbis: bf7c407c2cedff20999df2af8eb42d56 -> 
